query_id,query_message,rank,similarity,historical_customer_tweet_id,historical_customer_message,historical_support_reply,relevance
1048068,Dear @115858 @AppleSupport my iPhone 6plus keeps dropping calls (call failed). I executed all updates. Please advise.,1,0.29,2712551,@AppleSupport iPhone 6Plus https://t.co/DpJbR3qXz1,"@761550 In iOS 11, you can turn auto-brightness on or off in Settings &gt; General &gt; Accessibility &gt; Display Accommodations. Send us a DM if you have any additional questions and we'll catch up there. https://t.co/GDrqU22YpT",0
1048068,Dear @115858 @AppleSupport my iPhone 6plus keeps dropping calls (call failed). I executed all updates. Please advise.,2,0.2864,1517811,@115858 my home button and Touch ID on my iPhone 6plus are no longer working after your recent updates. Please advise. @AppleSupport,@418233 We're sorry to hear you're having issues! Send us a DM and we can look into your options from there. https://t.co/GDrqU22YpT,0
1048068,Dear @115858 @AppleSupport my iPhone 6plus keeps dropping calls (call failed). I executed all updates. Please advise.,3,0.2764,2567109,I I️ I️ @115858 @AppleSupport please advise ugh.,"@728197 Hi there. We recently released iOS 11.1.1 to address this issue. If you haven't updated yet, you can learn how here: https://t.co/80YRnjDFDk If the issue persists, send us a DM so we can help there. https://t.co/GDrqU22YpT",0
1048068,Dear @115858 @AppleSupport my iPhone 6plus keeps dropping calls (call failed). I executed all updates. Please advise.,4,0.2489,746068,@AppleSupport An Iphone 6plus (MGAF2ZD/A),@298351 What version of iOS 11 are you currently running? You can find this information in Settings &gt; General &gt; About.,0
1048068,Dear @115858 @AppleSupport my iPhone 6plus keeps dropping calls (call failed). I executed all updates. Please advise.,5,0.2393,2780699,@AppleSupport my iPhone X keeps dropping Bluetooth. Need help. Thanks.,"@776623 You're in the right place for help! We want you to enjoy your favorite Bluetooth devices. So we can provide the best support, may we have the iOS version shown in Settings &gt; General &gt; About and have a description of what exactly happens?",2
2049896,"@AppleSupport iOS 11.0.3 causing massive battery drainage, can’t open apps without restarting phone and Bluetooth automatically turning on.",1,0.292,2345938,@AppleSupport what is with WiFi and Bluetooth automatically turning on? This new update is a security risk.,@516722 We're glad you asked. You can control Wi-Fi and Bluetooth connections two ways. Check out this article for details: https://t.co/G7BHuQnDS6,2
2049896,"@AppleSupport iOS 11.0.3 causing massive battery drainage, can’t open apps without restarting phone and Bluetooth automatically turning on.",2,0.2345,2525553,Anyone else getting massive battery drainage and overheated devices with the latest update from @115858,@719152 We'd like to help. Let's take this to DM and we'll explore ways to provide you assistance. https://t.co/GDrqU22YpT,2
2049896,"@AppleSupport iOS 11.0.3 causing massive battery drainage, can’t open apps without restarting phone and Bluetooth automatically turning on.",3,0.2322,1434468,@AppleSupport @115858 massive battery drainage lag while using phone hangs. Problem with ios11 Pl help serious issues with batter drainage,@453053 Send us a DM and let us know what version of iOS 11 you're running. We'll get started there. https://t.co/GDrqU22YpT,2
2049896,"@AppleSupport iOS 11.0.3 causing massive battery drainage, can’t open apps without restarting phone and Bluetooth automatically turning on.",4,0.2307,868836,Stop automatically turning on my WiFi &amp; Bluetooth @AppleSupport @115858,@326300 You can toggle those features off from Settings &gt; Wi-Fi and Settings &gt; Bluetooth on your iPhone.,2
2049896,"@AppleSupport iOS 11.0.3 causing massive battery drainage, can’t open apps without restarting phone and Bluetooth automatically turning on.",5,0.2249,39670,@AppleSupport why does my iPhone turn on WiFi and Bluetooth automatically? 😭 #IWantToUseMyData,@124682 Are you doing it from Control Center? That would just disconnect your devices. Learn more here: https://t.co/G7BHuQnDS6,2
2105971,Dear @115858 @AppleSupport - you said I had an #update... now I have a black screen #DoNotLoadAppleUpdate,1,0.2913,1173988,Can @AppleSupport help me please as I have a black screen!!,@396127 We want to help you with this. Which device has a black screen?,2
2105971,Dear @115858 @AppleSupport - you said I had an #update... now I have a black screen #DoNotLoadAppleUpdate,2,0.2436,542509,@115858 updated my iPhone 7 to 11.1.2 and now have black screen spinning wheel every minute and it’s getting red hot,@245927 We’re glad you reached out to us today. DM us so we can look into this together. https://t.co/GDrqU22YpT,2
2105971,Dear @115858 @AppleSupport - you said I had an #update... now I have a black screen #DoNotLoadAppleUpdate,3,0.2425,2364541,@AppleSupport just got the newest update 11.1.1 and i have black screen when i want to use camera !,"@682671 We're happy to help. Does this occur within other apps that use the camera, or just the Camera app itself?",2
2105971,Dear @115858 @AppleSupport - you said I had an #update... now I have a black screen #DoNotLoadAppleUpdate,4,0.2228,1916043,@115858 what’s with the latest update. I NOW have to rebrighten my screen constantly.,@570720 Under Settings &gt; General &gt; Accessibility &gt; Display Accommodations &gt; Auto-Brightness. Is this enabled? DM us if you still need us. https://t.co/GDrqU22YpT,2
2105971,Dear @115858 @AppleSupport - you said I had an #update... now I have a black screen #DoNotLoadAppleUpdate,5,0.2121,121518,"Dear @115858 I used to have an IPhone, but after IOS 11 update now I have a SlowPhone 👌🏻@AppleSupport wont help much",@143053 Thanks for reaching out to us. We'd like to help you and look into this slowness issue further. Please DM us to continue working on this. https://t.co/GDrqU22YpT,0
2888409,Notch = no idea if alarm is set?! Bad iPhone X! Bad @115858!,1,0.2781,857906,This new iOS is bad @115858 😐,@323723 We'd like to help if you need. Send us a DM and let us know what's going on? https://t.co/GDrqU22YpT,0
2888409,Notch = no idea if alarm is set?! Bad iPhone X! Bad @115858!,2,0.2258,1715601,@519562 @115858 I’ve had to recharge 3 times. Bad @115858. Bad.,"@519561 Battery life is definitely important. Tell us the iOS version your iPhone is on, and we’ll partner to get this resolved.",0
2888409,Notch = no idea if alarm is set?! Bad iPhone X! Bad @115858!,3,0.2193,1851692,"@AppleSupport To be honest, I have no idea if that would fix the problem, because I already updated my apps","@554221 That's okay; we understand. If the issue returns, feel free to reach out in DM and we'll take a closer look at it. https://t.co/GDrqU2kzhr",0
2888409,Notch = no idea if alarm is set?! Bad iPhone X! Bad @115858!,4,0.2141,463080,WHY IS MY IPHONE 7 PLUS EFFING UP SO BAD @115858,@225056 Let us help with your iPhone! What kind of issues are you having with it? Which version of iOS are you running? This can be found in Settings &gt; General &gt; About.,0
2888409,Notch = no idea if alarm is set?! Bad iPhone X! Bad @115858!,5,0.2126,631761,My iphone 7 keeps crashing. Ios 11 os bad. @115858 @AppleSupport,@269716 We're here to help. Let's take this to DM so we can better assist you. https://t.co/GDrqU22YpT,0
1484047,i’m also really fucking annoyed the letter “eye” keeps fucking up! messing up my tweeting flow! @AppleSupport .. what is you doin!?,1,0.4378,2003547,Fucking bug is messing up my keyboard. @115858 what is you doin!?,"@592470 Let us know in DM what you see occurring on your device, then we can work with you on this from there. https://t.co/GDrqU22YpT",1
1484047,i’m also really fucking annoyed the letter “eye” keeps fucking up! messing up my tweeting flow! @AppleSupport .. what is you doin!?,2,0.3136,1993357,@589924 @115858 Keeps fucking up my texts,"@589923 If you're having issues with your text messages, we want to help. DM us at the link below with more details please. https://t.co/GDrqU22YpT",1
1484047,i’m also really fucking annoyed the letter “eye” keeps fucking up! messing up my tweeting flow! @AppleSupport .. what is you doin!?,3,0.2999,1773691,I️ really want to know why I️ can’t type the letter I️ @115858 @AppleSupport I’m really fucking annoyed,@533075 Here’s what you can do to work around the issue until it’s fixed in a future software update: https://t.co/uQeXsrrlXJ,2
1484047,i’m also really fucking annoyed the letter “eye” keeps fucking up! messing up my tweeting flow! @AppleSupport .. what is you doin!?,4,0.2921,52988,@AppleSupport @127939 The letter eye,@127938 Thanks for reaching out. DM which specific iOS version you are suing at this time so we can help. https://t.co/GDrqU22YpT,1
1484047,i’m also really fucking annoyed the letter “eye” keeps fucking up! messing up my tweeting flow! @AppleSupport .. what is you doin!?,5,0.2575,1620519,I’m going insane @AppleSupport the letter “eye” keeps turning up as A?,@496652 You'll find the steps to work around this here: https://t.co/xU1AGHStV6,1
1772563,@AppleSupport Why can’t I️ type the letter I️?,1,1.0,1735963,@AppleSupport why can’t I️ type the letter I️ ??,@524121 We'd be glad to help. Take a look at this article with some steps to help with this issue: https://t.co/80YRnjDFDk,1
1772563,@AppleSupport Why can’t I️ type the letter I️?,2,1.0,1756391,@AppleSupport why can’t I️ type the letter “I️”,@528866 Here’s what you can do to work around the issue until it’s fixed in a future software update: https://t.co/xXaXeeSRt9,1
1772563,@AppleSupport Why can’t I️ type the letter I️?,3,1.0,1532218,@AppleSupport why can’t I️ type the letter I️ ❔❔❔,@475266 We want to help. Send us a DM letting us know if you are updated to iOS 11.1. https://t.co/GDrqU22YpT,1
1772563,@AppleSupport Why can’t I️ type the letter I️?,4,1.0,1991015,@AppleSupport Why can I️ type the letter I️,@589248 Let's help with this. Please DM us the device and version of OS you're using for us to take a closer look. https://t.co/GDrqU22YpT,1
1772563,@AppleSupport Why can’t I️ type the letter I️?,5,0.8945,1697595,@AppleSupport why can’t I️ type the I️ 😐,@514934 Here’s what you can do to work around the issue until it’s fixed in a future software update: https://t.co/xXaXeeSRt9,0
336658,"@115858 @AppleSupport yoooo this update has messed my phone up, whats going on?",1,0.3878,986829,@115858 I’m pissed iOS 11 has messed my phone up so badly,@353856 Let's take a closer look together. Please DM us and we can go from there. https://t.co/GDrqU22YpT,1
336658,"@115858 @AppleSupport yoooo this update has messed my phone up, whats going on?",2,0.3876,1872101,YALL UPDATE MESSED MY PHONE UP @AppleSupport,"@559036 If you need help with your iPhone, we're here for you. Meet us in DM and tell us what you're seeing or how we can help. https://t.co/GDrqU22YpT",1
336658,"@115858 @AppleSupport yoooo this update has messed my phone up, whats going on?",3,0.3571,722165,Hey @115858 THIS IOS11 UPDATE has messed my phone completely up THANKS!! Ugh 😡😡😡😡,@292887 We'd love to assist you. Can you tell us in DM what issues you're experiencing specifically? https://t.co/GDrqU22YpT,1
336658,"@115858 @AppleSupport yoooo this update has messed my phone up, whats going on?",4,0.3427,1709207,@AppleSupport y’all tripping wit all these question mark boxes all my emojis messed up whats going on,@517907 Here’s what you can do to work around the issue until it’s fixed in a future software update: https://t.co/xXaXeeSRt9,2
336658,"@115858 @AppleSupport yoooo this update has messed my phone up, whats going on?",5,0.303,772786,"@115858 your new update has TOTALLY messed my phone up, and I’m not the only one! https://t.co/0JVFVZ4SpR",@304602 We're here to help. Send us a DM with which iPhone you have and the iOS version number to begin. https://t.co/GDrqU22YpT,1
2702821,@AppleSupport @115858 when are you going to fix the I problem in the new software? https://t.co/04HDlgu6b3,1,0.7138,1744845,@115858 when are you going to fix the I️ problem?,@526157 Here’s what you can do to work around the issue until it’s fixed in a future software update: https://t.co/xXaXeeSRt9,1
2702821,@AppleSupport @115858 when are you going to fix the I problem in the new software? https://t.co/04HDlgu6b3,2,0.6619,2295708,@115858 when are you going to fix the “i” .......,@666592 We recently released 11.1.1 that addresses this issue. Have you had a chance to backup &amp; update your device? https://t.co/soeXTHWFdK,1
2702821,@AppleSupport @115858 when are you going to fix the I problem in the new software? https://t.co/04HDlgu6b3,3,0.6367,1725716,@AppleSupport when are you going to fix the “i” problem???,@521927 Here’s what you can do to work around the issue until it’s fixed in a future software update: https://t.co/qODbOsp4wz,1
2702821,@AppleSupport @115858 when are you going to fix the I problem in the new software? https://t.co/04HDlgu6b3,4,0.6255,2015164,Hey @115858 when are you going to fix the “I️” problem? @AppleSupport,@595885 Thanks for reaching out. We have a workaround for this here: https://t.co/xXaXeeSRt9 DM us if you still need help. https://t.co/GDrqU22YpT,1
2702821,@AppleSupport @115858 when are you going to fix the I problem in the new software? https://t.co/04HDlgu6b3,5,0.6061,105336,@115858 I️ I️ I️ I️ I️ I️ I️ I️ I️ I️ I️ I️ I️ I️ I️ I️ .... when are you going to fix this!?,@139261 We're here for you. Let's get you updated to iOS 11.1.2 to see if the issue persists. You can find instructions on backing up and updating here: https://t.co/80YRnjDFDk,1
40534,@AppleSupport Tried that too.Didn't work.,1,0.7375,2950904,"@AppleSupport Tried that, didn't work",@655071 What happens if you try to make a phone call on your iPhone X?,1
40534,@AppleSupport Tried that too.Didn't work.,2,0.7375,1649077,@AppleSupport Tried that didn’t work,@503748 Got it. Let's move this to DM where we can dig in deeper. https://t.co/GDrqU22YpT,1
40534,@AppleSupport Tried that too.Didn't work.,3,0.695,1706819,@AppleSupport Tried that. It didn’t work.,"@517258 Alright, go ahead and send us a DM so we can look into this further with you. https://t.co/GDrqU22YpT",1
40534,@AppleSupport Tried that too.Didn't work.,4,0.6592,1628910,@AppleSupport Tried that and it didn’t work!,@498630 DM us what iOS version you're on. https://t.co/GDrqU22YpT,1
40534,@AppleSupport Tried that too.Didn't work.,5,0.5768,1538835,@AppleSupport i tried that already it didn't work,"@238546 Send us a DM with which iPhone you have, and we'll find a way to help. https://t.co/GDrqU22YpT",1
2784608,@AppleSupport Yes I have. And no it doesn’t. It’s been an issue since the initial 11 update and nothing resolves it,1,0.2862,2524545,@AppleSupport Yes I have,@718893 OK great. So next let's take a further look into this issue. Send us a DM to continue. https://t.co/GDrqU22YpT,0
2784608,@AppleSupport Yes I have. And no it doesn’t. It’s been an issue since the initial 11 update and nothing resolves it,2,0.2862,876356,@AppleSupport Yes I have,@328061 Got it. We're going to need some room to dig in on this issue. Can you join us in DM? https://t.co/GDrqU22YpT,0
2784608,@AppleSupport Yes I have. And no it doesn’t. It’s been an issue since the initial 11 update and nothing resolves it,3,0.2862,1297970,@AppleSupport Yes I have,"@423340 'FaceTime Live Photos' is turned on in Settings &gt; FaceTime, right? Let us know and confirm your iPhone model and exact iOS.",0
2784608,@AppleSupport Yes I have. And no it doesn’t. It’s been an issue since the initial 11 update and nothing resolves it,4,0.2862,2213325,@AppleSupport Yes I have..,"@514270 First, let's power off the device using these steps: https://t.co/OWRDHWSt4h Is it still not updated?",0
2784608,@AppleSupport Yes I have. And no it doesn’t. It’s been an issue since the initial 11 update and nothing resolves it,5,0.2862,2432836,@AppleSupport Yes I have,@281962 Do you notice if it's slow on certain apps or throughout your entire iPhone? Let us know more in DM. https://t.co/GDrqU22YpT,0
1761198,"@AppleSupport The apps are unexpectedly closing it, it seems a lot slower than it did before I updated it it’s like jumpy",1,0.2755,1006082,"@115858 please get your shit together with this new update, my phone dies 10x faster than it did before I updated it to iOS 11.0.3😠",@358114 That should not be happening. Let us help. DM us which iPhone this is happening on. We'll go from there. https://t.co/GDrqU22YpT,1
1761198,"@AppleSupport The apps are unexpectedly closing it, it seems a lot slower than it did before I updated it it’s like jumpy",2,0.2461,2018495,@AppleSupport The iOS 11.1 update is absolutely terrible my battery drains quickly and my phone seems a lot slower😒,@596947 We know how vital the battery is. Please check out this article: https://t.co/TpjqFp3jxD DM us the result. https://t.co/GDrqU22YpT,1
1761198,"@AppleSupport The apps are unexpectedly closing it, it seems a lot slower than it did before I updated it it’s like jumpy",3,0.2241,1636202,@AppleSupport Not before I updated,"@500459 Okay, let's delete the current alarm that you have set up &amp; test a new one. Let's set it up for at least 6 minutes into the future.",1
1761198,"@AppleSupport The apps are unexpectedly closing it, it seems a lot slower than it did before I updated it it’s like jumpy",4,0.219,1094305,The ios11 has made my phone operate a lot slower than usual @AppleSupport,@378276 Let’s look into this for you. Send us a DM with more information and we'll continue there. https://t.co/GDrqU22YpT,1
1761198,"@AppleSupport The apps are unexpectedly closing it, it seems a lot slower than it did before I updated it it’s like jumpy",5,0.2176,2019528,@AppleSupport It did,@597204 We're glad to hear it! Feel free to DM us if you have any other questions or concerns. We're always happy to help. https://t.co/GDrqU22YpT,0
2297603,"@AppleSupport Yes, I did. But still not work.",1,0.5854,1557120,@AppleSupport Yes I did,@481351 Thanks for letting us know. Send us a DM and we can continue there. https://t.co/GDrqU22YpT,0
2297603,"@AppleSupport Yes, I did. But still not work.",2,0.5854,1155201,"@AppleSupport Yes, I did",@141072 OK. Do you notice these behaviors more with certain use of the iPhone or in certain apps? https://t.co/GDrqU2kzhr,0
2297603,"@AppleSupport Yes, I did. But still not work.",3,0.5854,1201166,"@AppleSupport Yes, I did.","@402239 Does this happen with any other apps or just Mail? Also, has it ever produced an error? If so, which error?",0
2297603,"@AppleSupport Yes, I did. But still not work.",4,0.5854,885790,@AppleSupport Yes i did,@330326 Got it. Does the word unknown appear as the Caller ID or is it just showing the phone number? DM the answer. https://t.co/GDrqU22YpT,0
2297603,"@AppleSupport Yes, I did. But still not work.",5,0.4921,258930,@AppleSupport Yes I did but the ‘beta’ is still there,@177560 OK. Do you have a TimeMachine backup that was done prior to installing the beta software to your Mac?,1
2751473,"@AppleSupport I need to factory reset an iPhone, I forgotten the restrictions password though, what should I do?",1,0.3837,408807,@AppleSupport @AppleSupport do you need to enter a password to factory reset an iPad?,"@212457 The iPad will need to be unlocked to be able to restore. If you don't have the password, see https://t.co/F1QfwW1u1N",2
2751473,"@AppleSupport I need to factory reset an iPhone, I forgotten the restrictions password though, what should I do?",2,0.3112,295393,@AppleSupport What should I do?,"@186353 No worries, we've got your back. Please DM us and we'll continue to assist you from there. https://t.co/GDrqU22YpT",1
2751473,"@AppleSupport I need to factory reset an iPhone, I forgotten the restrictions password though, what should I do?",3,0.3112,2304338,@AppleSupport What should I do?,@218518 We're here to help. We recommend estimating the weight until you get the exact number. You can go back in to make the change.,1
2751473,"@AppleSupport I need to factory reset an iPhone, I forgotten the restrictions password though, what should I do?",4,0.3112,1001185,@AppleSupport What should I do?,@357028 We'd be happy to look into your battery concerns with you. Send us a DM using the link below and we'll go from there. https://t.co/GDrqU22YpT,1
2751473,"@AppleSupport I need to factory reset an iPhone, I forgotten the restrictions password though, what should I do?",5,0.3112,1988438,@applesupport what should I do?,"@588526 We're happy to help! Join us in DM with more details about when this issue first started, as well as the country you're located in. https://t.co/GDrqU22YpT",1
2109731,"@AppleSupport Wales, UK",1,0.5913,643253,@AppleSupport Uk,@272715 Got it. Send us over a Direct Message and we'll continue there. https://t.co/GDrqU22YpT,0
2109731,"@AppleSupport Wales, UK",2,0.5913,956346,@AppleSupport UK,@346912 Join us in DM and we'll look a little closer as to what options might be available: https://t.co/GDrqU22YpT,0
2109731,"@AppleSupport Wales, UK",3,0.5913,1623815,@AppleSupport UK,@497382 Thanks for the info. The Spotify app should be available for the iPod Touch in the UK as shown here. https://t.co/Og31mfb6h0,0
2109731,"@AppleSupport Wales, UK",4,0.5913,1081534,@AppleSupport UK,"@375126 Alright, thanks. This link can be used to contact our Sales Support team in the UK: https://t.co/Upk2kTDhCP",0
2109731,"@AppleSupport Wales, UK",5,0.5913,92809,@AppleSupport UK,"@136102 For the best assistance regarding your order status and location, call our Apple Online Store team directly at 0800 048 0408. Lines are open Monday-Friday 08:00-20:00 and Saturday-Sunday 09:00-18:00. Or use: https://t.co/Di7GEfZgJi Other questions? DM us. https://t.co/GDrqU22YpT",0
2552550,@AppleSupport It was 11.1,1,0.6624,2690848,@AppleSupport It was 11.1.1 now it’s updated to 11.1.2,@756466 Okay. Let us help you sort this out. Join us in DM so we can better assist you: https://t.co/GDrqU22YpT,0
2552550,@AppleSupport It was 11.1,2,0.5046,188416,"@AppleSupport no, i think it was 11.01",@160213 You can update to iOS 11.0.2. We recommend backing up your device before updating. Click here: https://t.co/4f8hwT5to6,0
2552550,@AppleSupport It was 11.1,3,0.4479,1217593,@AppleSupport iPhone 6s and iOS update was 11.0.3,@405711 You mentioned issues with battery life. About how long is the battery lasting on a full charge?,0
2552550,@AppleSupport It was 11.1,4,0.4128,2812564,@AppleSupport It was not checked :(,@784249 Thank you for checking that for us. We'd like to look into this further with you. Let's continue in DM. https://t.co/GDrqU22YpT,0
2552550,@AppleSupport It was 11.1,5,0.4063,2548668,@AppleSupport It*,@724210 Thanks for reaching out. Would you tell us more about what's happening via DM? https://t.co/GDrqU22YpT,0
2674185,@AppleSupport please make this dock go away. Soon. https://t.co/EUjUNsHL58,1,0.4809,4896,@AppleSupport please make this stop!!! https://t.co/YoyrO8iZKe,"@116859 Let’s work together on this behavior. How long has this been happening? Also, which device are you using?",1
2674185,@AppleSupport please make this dock go away. Soon. https://t.co/EUjUNsHL58,2,0.4356,1566059,@AppleSupport please make this I️ issue stop,@483416 We’d love to help you with that. Let's work through the steps suggested in this article: https://t.co/xU1AGIa4ME,0
2674185,@AppleSupport please make this dock go away. Soon. https://t.co/EUjUNsHL58,3,0.432,2374422,MAKE THIS GO AWAY😩😩😩 I already updated my phone @AppleSupport https://t.co/k0nT4Rsb2D,"@684954 We'd like to help. Are you still seeing this on your predictive text while typing, or are you seeing this in other places? DM us. https://t.co/GDrqU22YpT",1
2674185,@AppleSupport please make this dock go away. Soon. https://t.co/EUjUNsHL58,4,0.4156,874908,@AppleSupport please make this stop. IT ISN'T ME! https://t.co/2YPL7EIPhm,@327716 Thank you for the info. This isn't from us. Please follow the guidance here for where to forward: https://t.co/sayPykspsk,1
2674185,@AppleSupport please make this dock go away. Soon. https://t.co/EUjUNsHL58,5,0.387,1715207,@AppleSupport can you please make this stop https://t.co/h6T1Udd8RH,@519461 Here’s what you can do to work around the issue until it’s fixed in a future software update: https://t.co/xXaXeeSRt9,1
1999892,IOS 11.1 fixed nothing and created more problems. Thanks @115858 @AppleSupport,1,0.2715,2280907,@AppleSupport iOS 11.1 fixed the battery issue.,@663032 We're glad it is resolved for you. Let us know if we can help you in the future.,1
1999892,IOS 11.1 fixed nothing and created more problems. Thanks @115858 @AppleSupport,2,0.2592,937708,I updated my software to iOS 11.0.3 and now my phone is full of problems! Thanks @115858,@342280 We want to help. Send us a DM and we'll go from there. https://t.co/GDrqU22YpT,1
1999892,IOS 11.1 fixed nothing and created more problems. Thanks @115858 @AppleSupport,3,0.2445,2056285,@AppleSupport Thanks for iOS 11.0.1 but when is 11.0.2 because you fixed NOTHING.,@150154 iOS Hi! 11.0.2 is now available. You can update using these steps: https://t.co/80YRnjVguS DM us if you run into any issues. https://t.co/GDrqU2kzhr,1
1999892,IOS 11.1 fixed nothing and created more problems. Thanks @115858 @AppleSupport,4,0.2427,790666,"@AppleSupport I was wrong, it fixed nothing. :(",@308539 Thanks for keeping us updated. Is your device freezing during specific use of an app or does it happen randomly?,1
1999892,IOS 11.1 fixed nothing and created more problems. Thanks @115858 @AppleSupport,5,0.236,1747386,"Yo @115858, just fire whoever messed up and created this I️ glitch.",@526767 Here’s what you can do to work around the issue until it’s fixed in a future software update: https://t.co/xXaXeeSRt9,1
1763771,@115858 y’all on some nut shit https://t.co/oAoCCSLq8w,1,0.4263,1433726,"Yo, y’all niggas on some nut shit rn. Our phones buggin tf out. And I️ need y’all to fix that shit. @115858",@452889 Let's talk about this a bit more. Have you already updated to iOS 11.1? Let us know in DM. https://t.co/GDrqU22YpT,0
1763771,@115858 y’all on some nut shit https://t.co/oAoCCSLq8w,2,0.4159,648529,@115858 my phone on some nut shit after all these bullshit updates. Yall need to fix shit asap before I be team @125607 🤷🏾‍♂️🤷🏾‍♂️,@274117 What are you experiencing exactly? We want to address this with you. Tell us more via DM: https://t.co/GDrqU22YpT,0
1763771,@115858 y’all on some nut shit https://t.co/oAoCCSLq8w,3,0.3439,1508752,@115858 y’all on some bullshit!! Can’t use “I️”” or “I️t””,@470198 What iOS version are you currently on? Let us know in Direct Message and we'll take a look. https://t.co/GDrqU22YpT,0
1763771,@115858 y’all on some nut shit https://t.co/oAoCCSLq8w,4,0.2928,978606,@115858 FIX THIS SHIT https://t.co/JCsc5aXFLm,@352094 Thanks for reaching out. We have a workaround for this here: https://t.co/xXaXeeSRt9 DM us if you still need help. https://t.co/GDrqU22YpT,1
1763771,@115858 y’all on some nut shit https://t.co/oAoCCSLq8w,5,0.2928,1481915,@115858 fix this shit https://t.co/v2KifA473q,@464094 We're here to help. Are you using iOS 11.1? Let's meet in DM and we'll go from there. https://t.co/GDrqU22YpT,1
2948230,@AppleSupport Have you guys fixed the I️ problem on the iPhone 6s yet? It’s been pretty annoying... Will an update fix it?,1,0.3241,2406706,"@AppleSupport you guys fixed the “I” problem, but now “it” is changing to I.t 🤦🏼‍♀️😂",@692151 Let's help take a closer look. Follow up with us in DM. Tell us the version of iOS 11 installed there. https://t.co/GDrqU22YpT,1
2948230,@AppleSupport Have you guys fixed the I️ problem on the iPhone 6s yet? It’s been pretty annoying... Will an update fix it?,2,0.2756,1001231,@AppleSupport I have the iPhone 6s +,"@357037 To confirm, are you currently running the latest version of iOS 11, 11.0.3? Let us know via DM. We'll go from there. https://t.co/GDrqU22YpT",0
2948230,@AppleSupport Have you guys fixed the I️ problem on the iPhone 6s yet? It’s been pretty annoying... Will an update fix it?,3,0.2756,1442788,@AppleSupport I have the iPhone 6s,@454766 Okay! Let's see if any old iOS beta profiles are installed in the Settings app &gt; General &gt; Profiles &amp; Device Management.,0
2948230,@AppleSupport Have you guys fixed the I️ problem on the iPhone 6s yet? It’s been pretty annoying... Will an update fix it?,4,0.2643,1577317,@115858 how have you not fixed the I️ problem yet?,"@485850 Thanks for reaching out. We're glad to help, so we've got a guide to share with you regarding this: https://t.co/xU1AGHStV6",1
2948230,@AppleSupport Have you guys fixed the I️ problem on the iPhone 6s yet? It’s been pretty annoying... Will an update fix it?,5,0.2531,2341863,@AppleSupport Thanks guys fixed it!,@677397 Glad to hear it. Don’t hesitate to reach out in the future. Take care.,1
2902003,@AppleSupport What's with the terrible support and iMessage server being unavailable? Isn't Apple supposed to be better than every other oversized compnay that doesn't care about its customers?,1,0.2456,1565229,@AppleSupport what’s with the i️???,@483225 Take a look at this article for some tips that may help: https://t.co/xU1AGIa4ME,0
2902003,@AppleSupport What's with the terrible support and iMessage server being unavailable? Isn't Apple supposed to be better than every other oversized compnay that doesn't care about its customers?,2,0.2456,1646776,@AppleSupport what’s with the I️ ??,@503166 Here’s what you can do to work around the issue until it’s fixed in a future software update: https://t.co/qODbOsp4wz,0
2902003,@AppleSupport What's with the terrible support and iMessage server being unavailable? Isn't Apple supposed to be better than every other oversized compnay that doesn't care about its customers?,3,0.1679,1948722,@AppleSupport also just said unable to connect to iMessage server.,"@578961 Please review and try the steps listed within: https://t.co/jhvYu3nzpA If not resolved after following these steps, DM us. https://t.co/GDrqU22YpT",2
2902003,@AppleSupport What's with the terrible support and iMessage server being unavailable? Isn't Apple supposed to be better than every other oversized compnay that doesn't care about its customers?,4,0.1632,2127261,Yo @AppleSupport what’s with the I️ thing?,@626339 Here’s what you can do to work around the issue until it’s fixed in a future software update: https://t.co/xXaXeeSRt9,0
2902003,@AppleSupport What's with the terrible support and iMessage server being unavailable? Isn't Apple supposed to be better than every other oversized compnay that doesn't care about its customers?,5,0.1599,184503,@AppleSupport what’s with this glitch??,@159426 Thanks for reaching out. Could you let us know more details about the particular issue you’re facing? We’ll move from there.,0
552234,I feel like I got a android @AppleSupport,1,0.338,1991069,I updated my phone so why tf am I still seeing boxes nshit like I got an Android?! @AppleSupport,@589265 We're happy to assist. Which iOS version are you currently running? Go to Settings &gt; General &gt; About for the version. DM us. https://t.co/GDrqU22YpT,1
552234,I feel like I got a android @AppleSupport,2,0.2948,1566045,@AppleSupport why are y’all treating me like I️ got a android when I’m fasho apart of the team so put some respect on my name,"@483412 Thanks for reaching out. This article has more details on that behavior, including how to address it: https://t.co/xXaXefaskH",1
552234,I feel like I got a android @AppleSupport,3,0.2627,1649589,@115858 YA’LL NEED TO GET IT TOGETHER FR EVERYTIME “I️” IS TYPED SOME WEIRD SHIT POPPIN UP MAKING ME FEEL LIKE I️ GOT AN ANDROID,@503880 Here’s what you can do to work around the issue until it’s fixed in a future software update: https://t.co/xXaXeeSRt9,1
552234,I feel like I got a android @AppleSupport,4,0.2397,1681595,@115858 please fix this ASAP I️ feel like I’m using an Android 😒 https://t.co/4RxalRllEd,@511245 Here’s what you can do to work around the issue until it’s fixed in a future software update: https://t.co/xXaXeeSRt9,1
552234,I feel like I got a android @AppleSupport,5,0.2285,1594916,Looks like I got a faulty one... @AppleSupport #iPhoneX https://t.co/NaExEn2IOm,@490072 Thank you for reaching out to us. Check out this article for help with Face ID on your iPhone X: https://t.co/V5aWSz5xXV,0
2985588,Hey Steve I can’t add a fingerprint the page just keeps turning into this @AppleSupport https://t.co/jzuNunOrFX,1,0.3036,2039785,@AppleSupport WHY IS MY PHONE TURNING “i” INTO THIS: https://t.co/jRmx8xp10q,@603113 Here’s what you can do to work around the issue until it’s fixed in a future software update: https://t.co/xXaXeeSRt9 https://t.co/GDrqU22YpT,1
2985588,Hey Steve I can’t add a fingerprint the page just keeps turning into this @AppleSupport https://t.co/jzuNunOrFX,2,0.2869,1470862,@AppleSupport the i️ keeps turning into this A square inside a question mark thing,@461414 Thanks for reaching out to us. We are always happy to help. Send us a DM so we can look into this with you there. https://t.co/GDrqU22YpT,1
2985588,Hey Steve I can’t add a fingerprint the page just keeps turning into this @AppleSupport https://t.co/jzuNunOrFX,3,0.2859,2981666,@AppleSupport my capital “i” isn’t working. It keeps turning into this I️. Why? https://t.co/EJmBAvF1GL,"@442651 We'd like to help with that. Meet us in DM, and we'll take it from there. https://t.co/GDrqU22YpT",2
2985588,Hey Steve I can’t add a fingerprint the page just keeps turning into this @AppleSupport https://t.co/jzuNunOrFX,4,0.2856,1528905,Why are my capital i’s turning into this I️ ? @AppleSupport,@474664 Let's look into this for you. Go ahead and send us a DM with your current iOS version. https://t.co/GDrqU22YpT,1
2985588,Hey Steve I can’t add a fingerprint the page just keeps turning into this @AppleSupport https://t.co/jzuNunOrFX,5,0.2791,1507994,Fix this! @AppleSupport https://t.co/7UbRumneks,@470004 We want to look into what’s going on. DM us your device and OS version and we’ll continue there: https://t.co/GDrqU22YpT,1
1020993,@AppleSupport Sorry where should I direct mail !,1,0.4026,2279588,@AppleSupport Sorry on iPhone 6s +,@662743 Are you an Apple Music or iTunes Match member? Do you receive an error when trying to shuffle a playlist? Tell us more about what's happening and we'll take it from there.,1
1020993,@AppleSupport Sorry where should I direct mail !,2,0.3704,2593248,@AppleSupport Sorry. 11.1.1,@734398 Thanks! Join us in DM with more details. We're curious if you notice the iPhone behaving slow in certain apps or while performing certain functions. https://t.co/GDrqU22YpT,1
1020993,@AppleSupport Sorry where should I direct mail !,3,0.3702,396083,"@115858 @AppleSupport Sorry, 17 GB.",@209779 We'd like to help! Send us a DM with the country that you are located in to continue. https://t.co/GDrqU22YpT,1
1020993,@AppleSupport Sorry where should I direct mail !,4,0.3668,849950,@AppleSupport where should I meet in turkey,@321954 You can use this website to find a nearby Apple Store for further assistance and details on that process: https://t.co/m3VXPZgbmD,1
1020993,@AppleSupport Sorry where should I direct mail !,5,0.344,45604,"@AppleSupport Sorry, what is DM?",@126098 Direct Message. https://t.co/GDrqU22YpT,1
2834372,"@AppleSupport @AppleSupport thank you for your quick answer , i am running ios 11.1.2 , it happens in every app ( call , youtube ... ) , i already restored it but it didn't change anything :/",1,0.4172,2424336,"@AppleSupport Thank you for your quick answer. It's an IPhone 6, 10.3.3",@696209 The iPhone does have the means to self-diagnose some battery concerns. Do you see this service battery message? https://t.co/KyywFa9iZ3,1
2834372,"@AppleSupport @AppleSupport thank you for your quick answer , i am running ios 11.1.2 , it happens in every app ( call , youtube ... ) , i already restored it but it didn't change anything :/",2,0.3105,2958729,@AppleSupport Thank you for your answer. 🙂,@816604 You're very welcome. Have a great rest of your day.,1
2834372,"@AppleSupport @AppleSupport thank you for your quick answer , i am running ios 11.1.2 , it happens in every app ( call , youtube ... ) , i already restored it but it didn't change anything :/",3,0.3026,2308706,@AppleSupport I am running iOS 11.1.1,@143483 Thanks for letting us know. Please DM us and we'll continue this conversation there. https://t.co/GDrqU22YpT,1
2834372,"@AppleSupport @AppleSupport thank you for your quick answer , i am running ios 11.1.2 , it happens in every app ( call , youtube ... ) , i already restored it but it didn't change anything :/",4,0.2983,2431288,@AppleSupport Yes didn’t change anything,@697892 Thanks for double-checking. Let's continue in DM so we may better assist you. https://t.co/GDrqU22YpT,1
2834372,"@AppleSupport @AppleSupport thank you for your quick answer , i am running ios 11.1.2 , it happens in every app ( call , youtube ... ) , i already restored it but it didn't change anything :/",5,0.28,538633,@AppleSupport Thank you for your support,@244877 Absolutely. That's what we're here for!,1
1886634,"@115858 , how is it that from the new “update” my phone now runs slower and is allergic to loading anything? Would love feed back",1,0.2113,2303499,@AppleSupport My phone bricked from the new update,@668397 You're in the right place for assistance. We've received your DM. Look for our response there shortly.,1
1886634,"@115858 , how is it that from the new “update” my phone now runs slower and is allergic to loading anything? Would love feed back",2,0.2002,152840,@AppleSupport my apple music isn't loading anything apart from the music on my phone :(,@150957 We'd like to look into this with you and help you get back to enjoying music! Join us in DM with more details about when this started and the iOS version currently installed on your iPhone. You can find it in Settings &gt; General &gt; About. https://t.co/GDrqU22YpT,2
1886634,"@115858 , how is it that from the new “update” my phone now runs slower and is allergic to loading anything? Would love feed back",3,0.1826,1892478,@115858 my phone is MUCH slower and lags easily since the new update!,"@564277 We want to help keep your device running smoothly. Let us know which iOS version you’re running in DM, and we’ll work there. https://t.co/GDrqU22YpT",1
1886634,"@115858 , how is it that from the new “update” my phone now runs slower and is allergic to loading anything? Would love feed back",4,0.1796,1818152,hi I’m apparently allergic to your Apple Watch series 2 band. please help. @AppleSupport https://t.co/VCbjmxSBwW,@546130 We'll be happy to look into this with you. Please go ahead and provide us with more details within DM here: https://t.co/GDrqU22YpT,1
1886634,"@115858 , how is it that from the new “update” my phone now runs slower and is allergic to loading anything? Would love feed back",5,0.1749,1812306,"Hey @AppleSupport my brand new 27in iMac runs slower and freezes more than my 5yo MacBook Pro, what’s up with that? It’s currently frozen so",@544466 Thanks for reaching out. We'd like to know more to help. Does this occur with a specific app or program?,1
1924231,@115858 your iOS 11.0.3 update is sucking the life out of my phone. It’s now FREEZING constantly and I have to reboot 100x/day #iphone #sucks,1,0.3818,752906,@115858 @AppleSupport thanks for sucking the life out of my battery with ios11. #androidswitchlooksgoodnow,@299948 Help is here. Let's work together in a DM to get this addressed. Tap here to continue: https://t.co/GDrqU22YpT,1
1924231,@115858 your iOS 11.0.3 update is sucking the life out of my phone. It’s now FREEZING constantly and I have to reboot 100x/day #iphone #sucks,2,0.339,1900145,@115858 hate that my flashlight doesn’t work under 20% and the new update is sucking the life out of my battery. Plz fix this! #scaredtobuyX,@566254 We'd like to look into this. Do you use Low Power Mode? Does the flashlight work properly otherwise?,1
1924231,@115858 your iOS 11.0.3 update is sucking the life out of my phone. It’s now FREEZING constantly and I have to reboot 100x/day #iphone #sucks,3,0.3134,1828584,@115858 @115858 upgraded my 6s and now it’s sucking the life out of my battery - what gives? #notanimprovement,@548779 We want to help with your battery. Look here for a few tips: https://t.co/bivpdfBNJ6 DM us if you're still having trouble. https://t.co/GDrqU22YpT,1
1924231,@115858 your iOS 11.0.3 update is sucking the life out of my phone. It’s now FREEZING constantly and I have to reboot 100x/day #iphone #sucks,4,0.3,1052193,"@115858 @AppleSupport what’s going on with this update,sucking the life out of my battery since I updated 2 days ago!",@359158 We'd like to look into this. DM us and tell us which device you're having issues with. https://t.co/GDrqU22YpT,1
1924231,@115858 your iOS 11.0.3 update is sucking the life out of my phone. It’s now FREEZING constantly and I have to reboot 100x/day #iphone #sucks,5,0.2975,2307552,yo this update is really sucking the life out of my battery @115858 fix it bc i’m not about to buy a new phone for this bullshitio,"@669391 We want everything running at its best after an update. Please DM us some details, the exact version of iOS you're using, and which country you're in, and we’ll take it from there. https://t.co/GDrqU22YpT",1
2558677,@AppleSupport hello do you still sell the first generation iPad or are they discontinued now. Regards,1,0.2431,1526072,@AppleSupport Hello. Do you speak french?,@473947 We offer support via Twitter in English. Contact us for help in your preferred language here: https://t.co/IBIY3vMgPj,1
2558677,@AppleSupport hello do you still sell the first generation iPad or are they discontinued now. Regards,2,0.2283,2705780,"@AppleSupport First generation watch, watchOS 4.1","@212355 Thanks for that information. Check out section ""Check the fit"" here : https://t.co/evTpsN4Raj If the fit doesn't explain things, try resetting your calibration data and then calibrate your watch again: https://t.co/rhTgi5kLq8 Let us know if this helps or not.",1
2558677,@AppleSupport hello do you still sell the first generation iPad or are they discontinued now. Regards,3,0.2188,39677,@AppleSupport hello?,@124685 We'd love to help. DM us the country where you are located. We can go from there. https://t.co/GDrqU22YpT,1
2558677,@AppleSupport hello do you still sell the first generation iPad or are they discontinued now. Regards,4,0.2188,2276305,@AppleSupport Hello?,@662061 Thanks for reaching out. Can you send us a DM so we can look into this further with you? https://t.co/GDrqU22YpT,1
2558677,@AppleSupport hello do you still sell the first generation iPad or are they discontinued now. Regards,5,0.2188,1418622,@AppleSupport HELLO,"@449738 We'd like to help any way we can. What's happening, exactly? Also, which model and iOS version do you have?",1
266833,@AppleSupport I’ve carried out a reset network settings https://t.co/07ZMPSmRbh,1,0.3864,1049926,@AppleSupport My settings https://t.co/8zzUif2C0k,@368142 Let's take a look at this for you. Reach out to us in DM https://t.co/GDrqU22YpT,1
266833,@AppleSupport I’ve carried out a reset network settings https://t.co/07ZMPSmRbh,2,0.3562,2412958,"@AppleSupport yes, and force restart, and reset network settings","@693674 Thank you for confirming that. Please create a backup for your data, and update your iOS to version 11.1.2 as described here to see if that resolves the problem: https://t.co/80YRnjVguS DM us if you still need help. https://t.co/GDrqU2kzhr",2
266833,@AppleSupport I’ve carried out a reset network settings https://t.co/07ZMPSmRbh,3,0.2995,2677911,@AppleSupport Yes it is and I have reset network settings numerous times it now won’t even load settings 😡😡😡😡,@753613 Okay. Let us help you get this sorted out. Join us in DM so we can better assist you: https://t.co/GDrqU22YpT,2
266833,@AppleSupport I’ve carried out a reset network settings https://t.co/07ZMPSmRbh,4,0.2984,765464,"Hey @AppleSupport. Can’t make any calls with my iPhone since iOS 11.0.2. Eh...help? SIM✅, reset network settings✅, Internet✅ #KindOfUrgent",@302952 We're here to help! What kind of iPhone do you have? Are you still able to receive calls?,2
266833,@AppleSupport I’ve carried out a reset network settings https://t.co/07ZMPSmRbh,5,0.2967,892825,Try to reset network settings - instead of phone restarting it shuts down. @AppleSupport #iOS11,@331999 Let's look into that. Send us a DM and we'll go from there. https://t.co/GDrqU22YpT,2
1742538,Hey @AppleSupport @115858 why does my I️ turn into the stupid A with a boxed question mark? #inconvenient,1,0.5189,1643284,@AppleSupport why does my “I️” turn into “A [?]” ? 🤷🏻‍♀️,@502243 Here’s what you can do to work around the issue until it’s fixed in a future software update: https://t.co/xXaXeeSRt9,0
1742538,Hey @AppleSupport @115858 why does my I️ turn into the stupid A with a boxed question mark? #inconvenient,2,0.4188,2013035,@AppleSupport why does my I️ turn into I️ please help,@595231 Thanks for reaching out. We have a workaround for this here: https://t.co/xXaXeeSRt9 DM us if you still need help. https://t.co/GDrqU22YpT,0
1742538,Hey @AppleSupport @115858 why does my I️ turn into the stupid A with a boxed question mark? #inconvenient,3,0.4063,1680896,"Hey @AppleSupport why is it when I try and type I, I get the stupid A with a boxed❓#thissucks",@511094 Here’s what you can do to work around the issue until it’s fixed in a future software update: https://t.co/xXaXeeSRt9,1
1742538,Hey @AppleSupport @115858 why does my I️ turn into the stupid A with a boxed question mark? #inconvenient,4,0.3793,2152225,Y’all got to fix the A with a boxed question mark 😒😒 @115858,@632437 Here’s what you can do to work around the issue until it’s fixed in a future software update: https://t.co/xXaXeeSRt9,1
1742538,Hey @AppleSupport @115858 why does my I️ turn into the stupid A with a boxed question mark? #inconvenient,5,0.3728,1658657,@506058 @AppleSupport My phone keeps replacing the “I️” with a boxed question mark.,@506057 Here’s what you can do to work around the issue until it’s fixed in a future software update: https://t.co/xXaXeeSRt9,1
520253,"Hey @AppleSupport my iPhone 6 is locking &amp; requiring passcode every minute. I see lots of others have the same issue. What happened? How do we fix it? Resetting date to Nov doesn't work for me. (iOS11.1.2, over wifi, in NZ)",1,0.2263,1752322,@527910 But how do we fix it??? @115858,@527909 Here’s what you can do to work around the issue until it’s fixed in a future software update: https://t.co/qODbOsp4wz,0
520253,"Hey @AppleSupport my iPhone 6 is locking &amp; requiring passcode every minute. I see lots of others have the same issue. What happened? How do we fix it? Resetting date to Nov doesn't work for me. (iOS11.1.2, over wifi, in NZ)",2,0.2211,545335,"@AppleSupport iPhone is driving me mad this morning, keeps going to black screen with spinning wheel and asking for passcode every few seconds. I see lots of people having same issue, is there a fix?","@246769 If your device with iOS 11 unexpectedly restarts repeatedly on or after December 2, 2017, this article will walk you through a solution: https://t.co/Wc5MHFZb0p Let us know if that resolves the issue for you.",2
520253,"Hey @AppleSupport my iPhone 6 is locking &amp; requiring passcode every minute. I see lots of others have the same issue. What happened? How do we fix it? Resetting date to Nov doesn't work for me. (iOS11.1.2, over wifi, in NZ)",3,0.2149,2440853,@700026 @AppleSupport I have the same issue!!!!,@582254 Let's look into that. Send us a DM and we'll go from there. https://t.co/GDrqU22YpT,1
520253,"Hey @AppleSupport my iPhone 6 is locking &amp; requiring passcode every minute. I see lots of others have the same issue. What happened? How do we fix it? Resetting date to Nov doesn't work for me. (iOS11.1.2, over wifi, in NZ)",4,0.2118,1647420,@115858 @AppleSupport how do we fix this??? https://t.co/W23HQ8RWEt,@503321 Here’s what you can do to work around the issue until it’s fixed in a future software update: https://t.co/xXaXeeSRt9,0
520253,"Hey @AppleSupport my iPhone 6 is locking &amp; requiring passcode every minute. I see lots of others have the same issue. What happened? How do we fix it? Resetting date to Nov doesn't work for me. (iOS11.1.2, over wifi, in NZ)",5,0.2081,1973782,@AppleSupport how do we fix this issue with the letter I️?,"@584535 We want this working for you; we'll do all we can to help. To get started, let's connect in DM together: https://t.co/GDrqU22YpT",1
1928162,"@AppleSupport my iP8, although water resistant at 1m for 30 mins, is now not working after spending 3 secs at 1 inch depth-hoping for fix :/",1,0.1821,1702092,@AppleSupport are AirPods water resistant ? Or should I️ not wear them in Ohio in the winter,@516067 Excessive exposure to liquids can damage AirPods and is not considered under warranty. Here's a guide: https://t.co/GQEa8sdYcE,1
1928162,"@AppleSupport my iP8, although water resistant at 1m for 30 mins, is now not working after spending 3 secs at 1 inch depth-hoping for fix :/",2,0.1775,2014929,@115858 @AppleSupport Apple makes their phones water resistant but yet they still can’t make them fire resistant SMH #freephone https://t.co/dioUDSIAzm,"@595813 We'd like to look this over with you. Please meet us in DM so we may gather information, and better assist. https://t.co/GDrqU22YpT",1
1928162,"@AppleSupport my iP8, although water resistant at 1m for 30 mins, is now not working after spending 3 secs at 1 inch depth-hoping for fix :/",3,0.1771,1857222,@AppleSupport why do I buy a water resistant iPhone 7 if water just gets inside my camera lens? 🤔 https://t.co/2TB6sOH48W,@555407 We're here to help. DM us which country you're in and we'll look into your options to get the condensation taken care of. https://t.co/GDrqU22YpT,1
1928162,"@AppleSupport my iP8, although water resistant at 1m for 30 mins, is now not working after spending 3 secs at 1 inch depth-hoping for fix :/",4,0.1653,1744881,@AppleSupport my iPhone 8 Plus screen is lifting on the right side. Why? Does this affect water resistant? And can I replace my iPhone?,@526172 That's odd. We'd be happy to look into this with you. Let's meet in DM here: https://t.co/GDrqU22YpT,1
1928162,"@AppleSupport my iP8, although water resistant at 1m for 30 mins, is now not working after spending 3 secs at 1 inch depth-hoping for fix :/",5,0.165,1921232,"@AppleSupport My ""water resistant"" iPhone 7 Plus has never been in water, yet the liquids sensor is red and it's not covered under warranty?","@571932 We know this isn't news you were hoping to receive. If you'll meet up with us in DM, we can discuss options. https://t.co/GDrqU2kzhr",1
493559,"@115858 I decide to do your #OSHighSierra and this happened! I am also video-recording this upgrade process on my iPad if more problematic situations happen, like with my previous experience upgrading to Sierra. I am very upset about this &amp; my gut told me this would happen!WHY?!😓 https://t.co/fl8lf1qPZv",1,0.2172,2958732,@AppleSupport Yes i was upgrading to Sierra and this happened. What can i do?,@816605 Has the bar moved during this time? Are you connected to the same Wi-Fi network on another device?,2
493559,"@115858 I decide to do your #OSHighSierra and this happened! I am also video-recording this upgrade process on my iPad if more problematic situations happen, like with my previous experience upgrading to Sierra. I am very upset about this &amp; my gut told me this would happen!WHY?!😓 https://t.co/fl8lf1qPZv",2,0.1851,1023845,@115858 hiiiii I'm very upset https://t.co/bf4tVBeSB3,"@362284 Hey, we can look into some options together. Send us a DM and we'll go from there. https://t.co/GDrqU22YpT",1
493559,"@115858 I decide to do your #OSHighSierra and this happened! I am also video-recording this upgrade process on my iPad if more problematic situations happen, like with my previous experience upgrading to Sierra. I am very upset about this &amp; my gut told me this would happen!WHY?!😓 https://t.co/fl8lf1qPZv",3,0.1779,2021383,"@AppleSupport ya done messed up, I️ can’t get my point across. I️ am very upset about this, please fix so I️ can be happy again.",@135658 Here’s what you can do to work around the issue until it’s fixed in a future software update: https://t.co/xXaXeeSRt9 https://t.co/GDrqU22YpT,1
493559,"@115858 I decide to do your #OSHighSierra and this happened! I am also video-recording this upgrade process on my iPad if more problematic situations happen, like with my previous experience upgrading to Sierra. I am very upset about this &amp; my gut told me this would happen!WHY?!😓 https://t.co/fl8lf1qPZv",4,0.1551,1680880,@AppleSupport wasnt happening yesterday. Seen others upset about it. I️ am also upset now.. What’s with the characters?? https://t.co/eH5JlEdMgP,@511090 Here’s what you can do to work around the issue until it’s fixed in a future software update: https://t.co/tqme2m68En,2
493559,"@115858 I decide to do your #OSHighSierra and this happened! I am also video-recording this upgrade process on my iPad if more problematic situations happen, like with my previous experience upgrading to Sierra. I am very upset about this &amp; my gut told me this would happen!WHY?!😓 https://t.co/fl8lf1qPZv",5,0.1542,1846012,@AppleSupport WHY https://t.co/6TMXx7Ex34,@552949 We'd be happy to look into this with you. Tell us more about the issue you're encountering via DM. We'll go from there. https://t.co/GDrqU22YpT,1
1391220,@AppleSupport can I update my iOS again to go back to the old one so my phone will work again?,1,0.2804,413790,@AppleSupport Is there anyway to go back to the old IOS? this new update sucks,@213740 Are you having issues with your iPhone after updating? Let us know what they are in DM and we'll team up to get them resolved. https://t.co/GDrqU22YpT,0
1391220,@AppleSupport can I update my iOS again to go back to the old one so my phone will work again?,2,0.2522,708659,@AppleSupport why can't I update my phone ?,@289410 We'd like to help. Which device are you having the issue with? What happens when you try to update?,1
1391220,@AppleSupport can I update my iOS again to go back to the old one so my phone will work again?,3,0.246,2062961,"@AppleSupport this new iPhone update sucks, I’m about it to back to my LG3. How can I go back to the old software? #iOS11",@610113 We'd like to assist you with any issues. Tell us more about the problems you're encountering in DM. We'll go from there. https://t.co/GDrqU22YpT,0
1391220,@AppleSupport can I update my iOS again to go back to the old one so my phone will work again?,4,0.2445,1633104,Yo @115858 any update on when my freaking ‘I️ “s will work again?,@499685 Let's take a look together. Which model do you have and what's the OS version number installed on it?,1
1391220,@AppleSupport can I update my iOS again to go back to the old one so my phone will work again?,5,0.2443,2241126,@AppleSupport I can't update my iPhone 6 to ios11!!!!,@476584 We want to help. Are you trying to update through iTunes or via Wi-Fi on the phone directly? What happens when you try to update? Are you getting an error message?,0
2748392,So my phone just completely blacked out being quite unresponsive for like the last 2 mins...this phone not even a year old. What the fuck @115858?!?,1,0.3063,1650131,^ what the fuck @115858,@289858 Here’s what you can do to work around the issue until it’s fixed in a future software update: https://t.co/qODbOsp4wz,0
2748392,So my phone just completely blacked out being quite unresponsive for like the last 2 mins...this phone not even a year old. What the fuck @115858?!?,2,0.2912,2712565,What the fuck @115858 @AppleSupport,"@761555 Hi there! Looks like you might be having trouble with typing the letter ""I"". That was addressed in our 11.1.1 iOS update. You can update to the latest iOS version by following these steps: https://t.co/80YRnjDFDk",0
2748392,So my phone just completely blacked out being quite unresponsive for like the last 2 mins...this phone not even a year old. What the fuck @115858?!?,3,0.2644,2589712,what the fuck @115858 https://t.co/NrQfFWwk5X,@733569 For information about this feature in Photos &amp; our commitment to privacy we'd like to share this guide: https://t.co/kvXaz3cIzj,0
2748392,So my phone just completely blacked out being quite unresponsive for like the last 2 mins...this phone not even a year old. What the fuck @115858?!?,4,0.2644,2863583,What the fuck @115858 https://t.co/XKobL9FlOx,@795418 We see from the screenshot that your Time display is missing from the lock screen. How long has this been happening?,1
2748392,So my phone just completely blacked out being quite unresponsive for like the last 2 mins...this phone not even a year old. What the fuck @115858?!?,5,0.2644,8545,what the fuck @115858? https://t.co/oHhvAW2pqh,"@117501 We're here for you. Let's work together to locate your photos. Did you just recently restore your device, by any chance?",0
2835866,"@AppleSupport i use iphone 6 plus and i was upgrade ios 11.1.2 and than my touch id is broken/failed! how to fix it, please! thank u",1,0.2987,2274199,@AppleSupport I use iPhone 7 Plus. iOS 11.2 Beta. And no,"@156772 Thanks for keeping us updated. If you check under Settings &gt; General &gt; About, what is listed in the available field? Do you use iCloud with your iPhone? If so, do your photos show up if you check iCloud website using a computer? https://t.co/MdGttkkFL9",1
2835866,"@AppleSupport i use iphone 6 plus and i was upgrade ios 11.1.2 and than my touch id is broken/failed! how to fix it, please! thank u",2,0.2922,2261526,@AppleSupport I use iPhone 6s with iOS 11.1.1.,"@172175 Since noticing this, have you had a chance to restart your device? It may seem like a simple step, but can resolve many issues.",0
2835866,"@AppleSupport i use iphone 6 plus and i was upgrade ios 11.1.2 and than my touch id is broken/failed! how to fix it, please! thank u",3,0.2908,2013901,@115858 fix my touch id pls,@595488 Let's work on this together. What is going on with your Touch ID? Have you tried the steps here? https://t.co/xqiXha6yeB,2
2835866,"@AppleSupport i use iphone 6 plus and i was upgrade ios 11.1.2 and than my touch id is broken/failed! how to fix it, please! thank u",4,0.2539,773861,@AppleSupport iPhone 7 Plus and iOS 11,@138638 Got it. Let us know in DM when you first noticed this. https://t.co/GDrqU22YpT,0
2835866,"@AppleSupport i use iphone 6 plus and i was upgrade ios 11.1.2 and than my touch id is broken/failed! how to fix it, please! thank u",5,0.2539,42630,@AppleSupport iPhone 8 plus and ios 11,@125422 Follow up with us in DM. Tell us which version of iOS 11 you have installed there. https://t.co/GDrqU22YpT,0
53567,"@115858 is there A solution for the network bug in combination iPhone8 and T-Mobile in the Netherlands, can not call with my new iPhone8..",1,0.2867,2565833,@AppleSupport It’s the Netherlands,"@561359 OK, thanks. Trade-in is not but recycling is available for the Apple Watch. You can find out more about the program from here: https://t.co/Q1DsFNbiw0",1
53567,"@115858 is there A solution for the network bug in combination iPhone8 and T-Mobile in the Netherlands, can not call with my new iPhone8..",2,0.2237,1063100,When is @AppleSupport introducing Apple Pay in The Netherlands?,@371023 We appreciate your interest and encourage you to stay up to date on Apple news here: https://t.co/gbIPLOsnZd,1
53567,"@115858 is there A solution for the network bug in combination iPhone8 and T-Mobile in the Netherlands, can not call with my new iPhone8..",3,0.2115,2893298,@AppleSupport Wifi and mobile network,@413800 We'd like to continue to help. Please DM us using the following link and we'll continue working with you there. https://t.co/GDrqU22YpT,2
53567,"@115858 is there A solution for the network bug in combination iPhone8 and T-Mobile in the Netherlands, can not call with my new iPhone8..",4,0.2113,174942,Dear @AppleSupport - #iphone8 doesn’t find my contact’s Mobile in Text Message app. Only email. Mobile # there...??,@157042 We'd be happy to take a look into this with you. Could you please send us a DM with what iOS version you're running so that we can get started? https://t.co/GDrqU22YpT,1
53567,"@115858 is there A solution for the network bug in combination iPhone8 and T-Mobile in the Netherlands, can not call with my new iPhone8..",5,0.1978,2425830,I have the new iphone8+ and it keeps crashing and freezing and it really sucks (-: wtf is up????? @115858,"@696596 We want you to be able to enjoy your iPhone, and we'd like to work with you on this. Which iOS version you are using? Any particular apps freezing?",0
2401568,@115858 your new update sucks dude. It deleted all of my photos and I had pictures of my son when he was a newborn. Not happy,1,0.3201,2358644,@AppleSupport you deleted all of my photos,@681218 We'd like to help you with your photos. Reach out via DM using the link below and tell us what happened. https://t.co/GDrqU22YpT,2
2401568,@115858 your new update sucks dude. It deleted all of my photos and I had pictures of my son when he was a newborn. Not happy,2,0.2962,2622675,@AppleSupport your new update sucks,"@740945 If you're having issues with your Apple device, we'd like to know more. Reach out to us via DM with the details. https://t.co/GDrqU22YpT",1
2401568,@115858 your new update sucks dude. It deleted all of my photos and I had pictures of my son when he was a newborn. Not happy,3,0.259,2555223,Your new update sucks @115858 fix it,"@725596 Hello. If you're having issues with your Apple device, we'd like to know more. Reach out to us via DM with the details. We'll do everything we can to help. https://t.co/GDrqU22YpT",1
2401568,@115858 your new update sucks dude. It deleted all of my photos and I had pictures of my son when he was a newborn. Not happy,4,0.2444,74555,@AppleSupport My iphone just randomly shut off &amp; when I turned it back on it deleted all of my photos...,@132699 We'd love to help look into this and get you back in action. Can you send us a DM with some additional details? https://t.co/GDrqU22YpT,2
2401568,@115858 your new update sucks dude. It deleted all of my photos and I had pictures of my son when he was a newborn. Not happy,5,0.2417,2888492,"@AppleSupport It also deleted all of my texts and for a short time deleted all of my photos. Photos came back, texts did not🙃😐","@800916 We'd like to look into this with you. Please DM us more about when the issue began. Does restarting help at all, even temporarily. https://t.co/GDrqU22YpT",2
901572,"@AppleSupport IOS 11 Not for my phone, I want to return to IOS 10",1,1.0,1120545,"@AppleSupport IOS 11 Not for my phone, I want to return to IOS 10","@334031 We'd like to help you with your iPhone. Send us a DM and tell us what's happening, and which iPhone you have, to begin. https://t.co/GDrqU22YpT",1
901572,"@AppleSupport IOS 11 Not for my phone, I want to return to IOS 10",2,0.3845,61295,@AppleSupport iOS 10.,@130034 Thanks for those details. Do you receive an error when trying to update? Are you trying to update wirelessly or through iTunes on a computer?,0
901572,"@AppleSupport IOS 11 Not for my phone, I want to return to IOS 10",3,0.3845,1063108,@AppleSupport iOS 10.0.3 😬,"@371025 Has the device been restarted since it happened? If not, let's do that using these steps: https://t.co/OWRDHXa3VP",0
901572,"@AppleSupport IOS 11 Not for my phone, I want to return to IOS 10",4,0.3845,2140969,@AppleSupport iOS 10.0.1,"@629584 Thanks! Tell us in DM how long the device lasts from a full charge, please. https://t.co/GDrqU22YpT",0
901572,"@AppleSupport IOS 11 Not for my phone, I want to return to IOS 10",5,0.3845,1531043,@AppleSupport iOS 10.3.1,"@474975 Since you're not receiving the iOS 11 update, have you had the chance to review the steps here: https://t.co/80YRnjDFDk",0
2353603,@AppleSupport Yes I do,1,1.0,1122783,@AppleSupport Yes I do,@384805 Very good. Let's continue chatting about this via DM so we can dig into what's happening in greater detail. https://t.co/GDrqU22YpT,0
2353603,@AppleSupport Yes I do,2,1.0,1378196,@AppleSupport Yes I do,@440832 We'd like to investigate further with you. Send us a DM and we can troubleshoot more from there. https://t.co/GDrqU22YpT,0
2353603,@AppleSupport Yes I do,3,1.0,400412,@AppleSupport Yes I do.,@210689 Got it. DM us with more details and let's work together from there. https://t.co/GDrqU22YpT,0
2353603,@AppleSupport Yes I do,4,1.0,358936,"@AppleSupport Yes, I do.",@201004 Which iOS version is your iPad currently on? You can find that from Settings &gt; General &gt; About,0
2353603,@AppleSupport Yes I do,5,1.0,2121079,@AppleSupport Yes I do,"@624943 Thank you for letting us know! Since you already have a backup, update your iOS as outlined here: https://t.co/80YRnjDFDk",0
1679219,@488255 Is @115858 going to fix this bug? When you type “I️” it becomes that symbol there...,1,0.4367,1596712,When is @115858 going to fix this ➡️➡️➡️➡️ “I️”,@490528 We'd recommend trying the steps here: https://t.co/xU1AGHStV6 let us know in DM if the issue continues. https://t.co/GDrqU22YpT,1
1679219,@488255 Is @115858 going to fix this bug? When you type “I️” it becomes that symbol there...,2,0.4367,2583178,When is @115858 going to fix I️ this,@732039 There's an update out now that fixes this issue. Make sure you have a recent backup and update to 11.1.2. Let us know if that fixes the issue.,1
1679219,@488255 Is @115858 going to fix this bug? When you type “I️” it becomes that symbol there...,3,0.4237,2284092,Is @115858 going to fix this I️ shit???,"@663768 We'll be happy to help you out. An update has been released to assist with this issue. If you haven’t yet, please back up your device and update it to iOS 11.1.1. For more info, check out: https://t.co/4f8hwT5to6",1
1679219,@488255 Is @115858 going to fix this bug? When you type “I️” it becomes that symbol there...,4,0.4178,1709275,Is @115858 going to fix this I️ problem,@358361 Here’s what you can do to work around the issue until it’s fixed in a future software update: https://t.co/xXaXeeSRt9,1
1679219,@488255 Is @115858 going to fix this bug? When you type “I️” it becomes that symbol there...,5,0.4129,2905234,When is @115858 going to fix “ I️ “ ?,@804529 We'd be happy to help. Have you had a chance to update to iOS 11.1.2? Make sure you have a backup prior to updating.,1
1354510,Was it truly reserving it if it wasn’t reserving my selection to pick up in store? A little unfair @AppleSupport,1,0.2711,1586237,"@AppleSupport Why was the iPhone X available to pick up in store but once I complete the process I get an ""unable to complete""! 3 Times! 1",@488009 We've received your DM as well. We will respond to you there shortly. Thank you!,2
1354510,Was it truly reserving it if it wasn’t reserving my selection to pick up in store? A little unfair @AppleSupport,2,0.2583,2793214,@AppleSupport What's the latest I can place an online order to pick up in-store on Christmas Eve?,@779391 Thanks for reaching out. We'd like to look into this with you. Which country are you currently contacting us from today? DM us here for more info: https://t.co/GDrqU22YpT,2
1354510,Was it truly reserving it if it wasn’t reserving my selection to pick up in store? A little unfair @AppleSupport,3,0.2482,1353648,@AppleSupport what is the expected time for getting notified an order is ready to pick up in store? Just an Apple Watch...,@435679 You can pick up most items usually within an hour. You should get a notification when it's ready. https://t.co/bxZKxyCbVM,2
1354510,Was it truly reserving it if it wasn’t reserving my selection to pick up in store? A little unfair @AppleSupport,4,0.2374,2440895,@AppleSupport I ordered my iPhone X online to be shipped. Is it possible to pick it up in store instead?,@700034 Thank you for reaching out. We'd like to get your to our Sales Support specialists here: https://t.co/8yjRd1Xo0i,2
1354510,Was it truly reserving it if it wasn’t reserving my selection to pick up in store? A little unfair @AppleSupport,5,0.2211,1388296,@AppleSupport I was able to pre-order iPhone X for a store pick up. Do I have to pick up the phone on Nov 3? or another day?,@442997 We're happy to help. DM us what country you're in and we'll go from there. https://t.co/GDrqU22YpT,2
2782007,@AppleSupport my iPhone 7 has been lagging. What’s going on i didn’t sign up for this.,1,0.3034,2230676,Dear .@115858 your updates for #iOS11 is fucken trash. I didn't sign up for my iPhone to constantly freeze like a windows laptop. FIX IT NOW! https://t.co/qctKjtv6Zk,@650953 We want to help. Send us a DM and we'll go from there. https://t.co/GDrqU22YpT,2
2782007,@AppleSupport my iPhone 7 has been lagging. What’s going on i didn’t sign up for this.,2,0.3022,1808852,Is it me or since I updated my iOs my iphone has been lagging?! @115858 🤦🏽‍♂️🤦🏽‍♂️🤦🏽‍♂️,@543424 We're here to help. Please DM us via the following link with your device model and we'll assist you further. https://t.co/GDrqU22YpT,1
2782007,@AppleSupport my iPhone 7 has been lagging. What’s going on i didn’t sign up for this.,3,0.2833,2560424,My iPhone has been lagging all day long... @115858 @AppleSupport what is going on? First my battery life dying very quickly now lag...,@726734 We can definitely look into this with you. Do you experience the same behavior after you restart? DM us and let us know. https://t.co/GDrqU22YpT,1
2782007,@AppleSupport my iPhone 7 has been lagging. What’s going on i didn’t sign up for this.,4,0.2827,2185508,@115858 @AppleSupport FIX THIS FUCKING UPDATE &amp; MY PHONE BEFORE I️ SWITCH TO ANDROID. I️ AIN’T SIGN UP FOR THIS,@640056 We've released a software update that addresses this concern. Find out more here: https://t.co/xXaXeeSRt9,2
2782007,@AppleSupport my iPhone 7 has been lagging. What’s going on i didn’t sign up for this.,5,0.2781,1593297,@115858 @AppleSupport @115858 what's going on,@489682 Thanks for reaching out to us for support. Please check out this link for help with your issue: https://t.co/gKAEL4wRnw,1
2403728,"Hey @AppleSupport, whenever I try to lock my phone screen it’s doesn’t work, I talked to your support yesterday and it didn’t rectify my problem, send help pls",1,0.2575,1522704,@AppleSupport whenever*,"@167181 Hey there! Shoot us a DM when you have a chance, and we'll take it from there. https://t.co/GDrqU22YpT",1
2403728,"Hey @AppleSupport, whenever I try to lock my phone screen it’s doesn’t work, I talked to your support yesterday and it didn’t rectify my problem, send help pls",2,0.2489,852871,@AppleSupport I downloaded the newest update and now my phone doesn’t work send help pls,"@322603 We'd love to help. Can you explain more about what you mean when you say it doesn't work? Also, what iOS version did you update to?",1
2403728,"Hey @AppleSupport, whenever I try to lock my phone screen it’s doesn’t work, I talked to your support yesterday and it didn’t rectify my problem, send help pls",3,0.2399,1222380,@AppleSupport It doesn’t work,"@406832 Is the Wi-Fi icon greyed out? In Settings &gt; Wi-Fi, do you see Wi-Fi networks in the area?",1
2403728,"Hey @AppleSupport, whenever I try to lock my phone screen it’s doesn’t work, I talked to your support yesterday and it didn’t rectify my problem, send help pls",4,0.2399,208268,@AppleSupport It doesn't work!,@189533 We're here to help. We're currently working with you in DM. Please look for our response shortly.,1
2403728,"Hey @AppleSupport, whenever I try to lock my phone screen it’s doesn’t work, I talked to your support yesterday and it didn’t rectify my problem, send help pls",5,0.2184,1063147,@AppleSupport Whenever I try to update my iPad to iOS 11.0.3 I get this message https://t.co/7yUrggrRml,@371032 Let’s get your iPad updated. Try removing and downloading the update again as this article describes: https://t.co/Ui1yTnOCUz,1
335277,@797 @AppleSupport guys! right after upgrading iOS 11.0.2 my phone is so messed up! Camera acting funky big time!,1,0.3074,2058608,"@AppleSupport can you please hurry and fix iOS 11, my phone is so messed up from this update 😩",@273587 We're here to help with any concerns you're having. Please DM us a bit more information and we can go from there together. https://t.co/GDrqU22YpT,1
335277,@797 @AppleSupport guys! right after upgrading iOS 11.0.2 my phone is so messed up! Camera acting funky big time!,2,0.2609,41709,My phone is so messed up and I JUST got it yesterday! @115858 thanks for nothing,@125181 We'd like to help. Please DM us your current country and more about what's happening. https://t.co/GDrqU22YpT,1
335277,@797 @AppleSupport guys! right after upgrading iOS 11.0.2 my phone is so messed up! Camera acting funky big time!,3,0.2493,2468122,"@AppleSupport my phone is so messed up, this is what my lock screen is. No time nothing on it!!! 😐😐😐 https://t.co/dz4mK9govX",@568492 We'd be happy to look into what's going on. Does this continue if you restart your phone?,1
335277,@797 @AppleSupport guys! right after upgrading iOS 11.0.2 my phone is so messed up! Camera acting funky big time!,4,0.2485,1702035,@115858 why is the word “I️” so messed up?,@516049 Here’s what you can do to work around the issue until it’s fixed in a future software update: https://t.co/xXaXeeSRt9,1
335277,@797 @AppleSupport guys! right after upgrading iOS 11.0.2 my phone is so messed up! Camera acting funky big time!,5,0.2397,956336,@115858 my iPhone is so messed up from the new software update. Send help!,@157680 We've got your back! Tell us more about what's going on with your iPhone.,1
1028543,@AppleSupport iphone 7,1,1.0,92723,@AppleSupport iPhone 6,@136077 This feature is not currently available. We encourage you to provide your suggestions and feedback here: https://t.co/eTPVYVFyd8,0
1028543,@AppleSupport iphone 7,2,1.0,1453840,@AppleSupport iPhone 7,@457394 Thank you. Which version of iOS is currently installed? This is located in Settings &gt; General &gt; About &gt; Version.,0
1028543,@AppleSupport iphone 7,3,1.0,215789,@AppleSupport iPhone 7,"@167314 Got it. Which exact version of iOS is the iPhone 7 running? Let us know in DM, we'll continue there. https://t.co/GDrqU22YpT",0
1028543,@AppleSupport iphone 7,4,1.0,2910474,@AppleSupport iPhone 6,"@805727 Thanks. Does this happen even after restarting your iPhone? Have you tried connecting to a different Wi-Fi network? Also, what is the exact iOS version you have installed? You'll see this in Settings &gt; General &gt; About.",0
1028543,@AppleSupport iphone 7,5,1.0,148270,@AppleSupport iPhone 7,@149735 OK. Have you tried forcing the app closed with these steps: https://t.co/RqqIctrDWV Let us know.,0
2230668,@AppleSupport This is disgusting!! Can't receive whatsapp notification even if wifi/cellular 4g network is on after the ios11 update .,1,0.2153,2636981,@AppleSupport I don’t think network is the issuee,@744289 Got it. We want to look further into this issue. Reach us via DM to continue. https://t.co/GDrqU22YpT,2
2230668,@AppleSupport This is disgusting!! Can't receive whatsapp notification even if wifi/cellular 4g network is on after the ios11 update .,2,0.2112,1886704,My #iPhone sucks after the #ios11 update. @AppleSupport @115858.,@135038 We're here to help. Please reach out to us via DM and let us know the issues you're having. We'll continue from there. https://t.co/GDrqU22YpT,1
2230668,@AppleSupport This is disgusting!! Can't receive whatsapp notification even if wifi/cellular 4g network is on after the ios11 update .,3,0.2053,907436,@AppleSupport since last IOS 11.0.3 I don’t receive Whatsapp notifications,"@335480 We want to help. If you go to Settings &gt; Notifications &gt; WhatsApp, are notifications turned on?",1
2230668,@AppleSupport This is disgusting!! Can't receive whatsapp notification even if wifi/cellular 4g network is on after the ios11 update .,4,0.1914,1817994,@AppleSupport this is 'suspicios' 🤔 https://t.co/JbDWcTD9Ul,@546084 We're happy to help. Use this to identify and report phishing emails: https://t.co/LNMCdqt6fD Questions? DM us here: https://t.co/GDrqU22YpT,0
2230668,@AppleSupport This is disgusting!! Can't receive whatsapp notification even if wifi/cellular 4g network is on after the ios11 update .,5,0.1842,1859010,@AppleSupport Why isn't my home button working on my #iPhone7Plus. This update is disgusting,@555845 We want to make sure your Home button is working as expected. Please send us a DM with your iOS so we may better assist. https://t.co/GDrqU22YpT,1
1001182,@AppleSupport I want to go back to ios 10.3.3 as I am facing battery and lag issue on my 6s plus,1,0.3565,881175,@AppleSupport I really want to go back to iOS 10 @applesupport,@329233 Hi there. We'd love to help out. Please DM and tell us what carrier you have. We'll meet you there. https://t.co/GDrqU22YpT,0
1001182,@AppleSupport I want to go back to ios 10.3.3 as I am facing battery and lag issue on my 6s plus,2,0.2975,1359174,@AppleSupport hey i have to worst battery on ios 11 whats going on i want to go back to ios 10 as soon as possible https://t.co/aHoE44jCEI,@436880 We have received your DM and we will be responding shortly.,2
1001182,@AppleSupport I want to go back to ios 10.3.3 as I am facing battery and lag issue on my 6s plus,3,0.2601,2478958,@AppleSupport I have iPhone 7 ios 11.0.3 Drain the battery and Very slow I want to go back to 10.3.3,"@708455 We want to help! Although we don't recommend trying to revert to an older iOS version, we would love to work with you in identifying ways to maximize your battery life. Have you thought about updating to iOS 11.1.1 yet?",2
1001182,@AppleSupport I want to go back to ios 10.3.3 as I am facing battery and lag issue on my 6s plus,4,0.2555,112905,@AppleSupport #iphone5s @115858 I want to go back to iOS 10. How? Battery draining can’t withstand 12hrs.,@141102 We want to be sure you get the most out of your battery life. Send us a DM so we can help you further. https://t.co/GDrqU22YpT,2
1001182,@AppleSupport I want to go back to ios 10.3.3 as I am facing battery and lag issue on my 6s plus,5,0.2496,1851228,@AppleSupport My IOS 11.3 keeps freezing my apps. This upgrade is regrettable and I want to go back to ios 10. BLAH #iPhoneUpdate,@327778 We want you to enjoy iOS 11. Send us a DM letting us know which apps this is happening with to begin. https://t.co/GDrqU22YpT,2
617173,I need to fix my MacBook. Why is it so bloody difficult to get an appointment at your stores @AppleSupport?!,1,0.298,1579820,@115858 Having a problem with my iPhone X. Want to make an appointment at the Genius Bar. Why is it so difficult to find the site to do this?,@486444 We're happy to help. This link will get you to where you can make an appointment online: https://t.co/ugGWwe3u7S,1
617173,I need to fix my MacBook. Why is it so bloody difficult to get an appointment at your stores @AppleSupport?!,2,0.295,2020654,@AppleSupport seriously why is it so difficult to make a genius appointment at Manchester NHGenius Bar for my mom? #nopatience,@597578 Can you let us know what issue you're running into when making the appointment in DM? We'll offer any help we can. https://t.co/GDrqU22YpT,1
617173,I need to fix my MacBook. Why is it so bloody difficult to get an appointment at your stores @AppleSupport?!,3,0.2828,145295,@AppleSupport Can a girl get a date? Been trying for 5 weeks (!) to get an appointment at #applestoreamsterdam 😡,"@148936 We'd like to see how we can help with this. Send us a DM with more information about what's going on, and we'll get started. https://t.co/GDrqU22YpT",1
617173,I need to fix my MacBook. Why is it so bloody difficult to get an appointment at your stores @AppleSupport?!,4,0.2762,1354542,@AppleSupport why is my iPhone so bloody slow 😡😡😡😡,@435879 Let's look into that. Send us a DM and we'll go from there. https://t.co/GDrqU22YpT,1
617173,I need to fix my MacBook. Why is it so bloody difficult to get an appointment at your stores @AppleSupport?!,5,0.2461,1164674,Why is it so damn difficult to speak to an @115948 @AppleSupport on the phone?,"@272554 We can help with many issues right here in Twitter. Or, if you prefer, contact numbers worldwide here: https://t.co/1OxnSOXiWG",1
1772851,@AppleSupport Y’all need to talk to the customer service people because they got me all the way messed up!,1,0.3246,1575083,@AppleSupport y’all need to fix this,"@485379 Thanks for reaching out! We're glad to help, so we've got a guide to share with you regarding this: https://t.co/xU1AGIa4ME",0
1772851,@AppleSupport Y’all need to talk to the customer service people because they got me all the way messed up!,2,0.2923,2029681,@AppleSupport y’all need to fix this I️ shit.,@600200 Here’s what you can do to work around the issue until it’s fixed in a future software update: https://t.co/qODbOsp4wz https://t.co/GDrqU22YpT,0
1772851,@AppleSupport Y’all need to talk to the customer service people because they got me all the way messed up!,3,0.2881,1496728,@AppleSupport y’all need to fix this “I” issue ‼️,@467489 We'd like to help. Send us a DM and we can start there. https://t.co/GDrqU22YpT,0
1772851,@AppleSupport Y’all need to talk to the customer service people because they got me all the way messed up!,4,0.277,184441,@AppleSupport y’all need to fix this I️ thing,"@159413 We recently released an iOS update, 11.1.1, that contains a fix for autocorrect issues. Let’s be sure to back up your device prior to updating. How to back up: https://t.co/4f8hwT5to6",0
1772851,@AppleSupport Y’all need to talk to the customer service people because they got me all the way messed up!,5,0.2737,1655553,@115858 @AppleSupport y’all need to fix this 🤦🏾‍♀️ https://t.co/m83LZPhOrS,@505234 Here’s what you can do to work around the issue until it’s fixed in a future software update: https://t.co/xXaXeeSRt9,0
1557339,@115858 @115858 now all my contacts are gone...I just got a 7 I'm not buying an iPhone x u fuckin animals,1,0.4227,1734951,@AppleSupport all my contacts are gone after the update 😭,"@523897 Thanks for reaching out. We want to help. Please send us a DM, and we'll look into this together. https://t.co/GDrqU22YpT",1
1557339,@115858 @115858 now all my contacts are gone...I just got a 7 I'm not buying an iPhone x u fuckin animals,2,0.2523,387612,"Rah the new update has deleted all my contacts, are ya mad @115858",@207746 We'd like to help. Which device are you using? Are you signed in with your Apple ID on this device?,1
1557339,@115858 @115858 now all my contacts are gone...I just got a 7 I'm not buying an iPhone x u fuckin animals,3,0.2481,1503028,@115858 @AppleSupport all my contacts just got deleted and I'm pissed,@468851 We're here to help and understand how greatly important it is to have your contacts. Were there any recent changes? https://t.co/GDrqU22YpT,1
1557339,@115858 @115858 now all my contacts are gone...I just got a 7 I'm not buying an iPhone x u fuckin animals,4,0.2454,1364817,@115858 @115858 @AppleSupport @115858 @115858,@437768 We're here to help. You can use the steps in this link to disable auto-brightness: https://t.co/QGzyuyr5Ra,0
1557339,@115858 @115858 now all my contacts are gone...I just got a 7 I'm not buying an iPhone x u fuckin animals,5,0.2388,2208878,@AppleSupport NOW ALL MY CONTACTS GOT DELETED WHAT ARE YALL DOING,@645717 Follow up with us in DM. Let's take a further look with you there. https://t.co/GDrqU22YpT,1
1009306,This new software update has made me phone gan crackers sort it out please fellas @115858,1,0.3774,1834192,Sort it out @AppleSupport,@550174 We're happy to help. Please join us in DM and let us know which version of iOS 11 you have installed currently. https://t.co/GDrqU22YpT,0
1009306,This new software update has made me phone gan crackers sort it out please fellas @115858,2,0.3741,699051,@286743 @AppleSupport sort it out,@286742 We’d be glad to help get your calls working again. At this point can you check all the steps on this page? https://t.co/5KootZbxj1,0
1009306,This new software update has made me phone gan crackers sort it out please fellas @115858,3,0.3407,2052189,@AppleSupport your update is ruining my nice new iPhone. Sort it out please.,"@606907 We’d love to help with your new iPhone. To start, please send us a DM with more details on the behavior you’re experiencing. https://t.co/GDrqU22YpT",0
1009306,This new software update has made me phone gan crackers sort it out please fellas @115858,4,0.3308,713390,This new software update has my iPhone going crazy @115858 fix this,@290629 We want to help. Send us a DM letting us know if you are updated to iOS 11.0.2 https://t.co/GDrqU22YpT,1
1009306,This new software update has made me phone gan crackers sort it out please fellas @115858,5,0.306,1170320,@115858 this new update is so glitchy! Please sort it out #glitchy,@395261 We're here to help! Let us know about your experience by meeting us in DM. Use this link to get started: https://t.co/GDrqU22YpT,0
60333,@AppleSupport I think it’s fixed...thank you,1,0.7724,2900433,@AppleSupport It’s fixed thank you,@803465 That's wonderful to hear. We hope you have a great week. Take care.,1
60333,@AppleSupport I think it’s fixed...thank you,2,0.6125,2472945,@AppleSupport I think it fixed itself. ¯\_(ツ)_/¯,@707135 Great news. We're here to help if you need us.,1
60333,@AppleSupport I think it’s fixed...thank you,3,0.5972,1629759,@AppleSupport I believe it’s fixed! Thank you!,@498846 No problem. Feel free to reach out if you have any other questions.,1
60333,@AppleSupport I think it’s fixed...thank you,4,0.5905,2131147,@AppleSupport Fixed. Thank you :),@627217 Great. You're welcome. Take care.,1
60333,@AppleSupport I think it’s fixed...thank you,5,0.575,2310648,@AppleSupport I think the problem may be fixed! Thank you !!!,@670145 You're very welcome. Feel free to reach out to us if you need anything in the future.,2
1564037,"@AppleSupport Pre-ordered iPhone X, dispatches Nov 21. Just saw local pickup available, ordered it. Means I got it or only have a chance to?",1,0.3657,857151,@AppleSupport Yeah I did pre-ordered it,@323546 Got it. Did you also get an email that the preorder was ready for download? Let us know via a DM. We’ll go from there. https://t.co/GDrqU22YpT,1
1564037,"@AppleSupport Pre-ordered iPhone X, dispatches Nov 21. Just saw local pickup available, ordered it. Means I got it or only have a chance to?",2,0.2886,1178967,@AppleSupport I pre ordered an album and it says I only have 3 songs what should I do?,"@397290 Let's take a look in to this! Which device is this on, and which iOS, macOS, or OS is installed on it?",1
1564037,"@AppleSupport Pre-ordered iPhone X, dispatches Nov 21. Just saw local pickup available, ordered it. Means I got it or only have a chance to?",3,0.2708,1930671,@AppleSupport I pre-ordered IPhone X. I want to cancel it but I can't access it on the website. Order number is W590702651,"@433829 We'd be happy to see how we can help. So that we can get you pointed in the right direction, can you DM us your country? https://t.co/GDrqU22YpT",1
1564037,"@AppleSupport Pre-ordered iPhone X, dispatches Nov 21. Just saw local pickup available, ordered it. Means I got it or only have a chance to?",4,0.2507,852928,"@118721 @AppleSupport I pre-ordered the new Matthew Good.released today, But Only got 4 (pre-released) tracks","@322617 Hi, do you have Automatic Downloads enabled? To check, use the information in this article as reference: https://t.co/2oRvemLiMD",1
1564037,"@AppleSupport Pre-ordered iPhone X, dispatches Nov 21. Just saw local pickup available, ordered it. Means I got it or only have a chance to?",5,0.2266,39668,"PT1. @AppleSupport I pre-approved my iPhone X then ordered it at 301 am, your database is shipping the phone to a fake address due to a typo",@124681 Thanks for reaching out. Let's get you in touch with an Apple Online Store Advisor at: https://t.co/8yjRd1Xo0i.,1
2838731,@AppleSupport Hello I bought a new mini ipad a year and a half ago and when i update i can not open the ipad (it shows me this problem) https://t.co/EMIXPftmQP,1,0.2206,552136,@115858 bought an i-phone 6s a year and a half ago and can already see it starting to go on the blink. You’ve got this 2 year lifespan on your phones down to a tee I see. A great con 👍🏻,@248712 We'd like to know more about the issue you're experiencing. Meet us in DM with additional details to get started: https://t.co/GDrqU22YpT,1
2838731,@AppleSupport Hello I bought a new mini ipad a year and a half ago and when i update i can not open the ipad (it shows me this problem) https://t.co/EMIXPftmQP,2,0.2049,1887715,I just bought iPhone 8+ a week and a half ago and the screen just cracked from me tapping my fingers on it?? @AppleSupport,"@563005 Let us know via DM which country you are in, then we can take a look at options for this with you from there. https://t.co/GDrqU2kzhr",1
2838731,@AppleSupport Hello I bought a new mini ipad a year and a half ago and when i update i can not open the ipad (it shows me this problem) https://t.co/EMIXPftmQP,3,0.1947,39677,@AppleSupport hello?,@124685 We'd love to help. DM us the country where you are located. We can go from there. https://t.co/GDrqU22YpT,1
2838731,@AppleSupport Hello I bought a new mini ipad a year and a half ago and when i update i can not open the ipad (it shows me this problem) https://t.co/EMIXPftmQP,4,0.1947,2276305,@AppleSupport Hello?,@662061 Thanks for reaching out. Can you send us a DM so we can look into this further with you? https://t.co/GDrqU22YpT,1
2838731,@AppleSupport Hello I bought a new mini ipad a year and a half ago and when i update i can not open the ipad (it shows me this problem) https://t.co/EMIXPftmQP,5,0.1947,1418622,@AppleSupport HELLO,"@449738 We'd like to help any way we can. What's happening, exactly? Also, which model and iOS version do you have?",1
2686666,@AppleSupport the new upgrade has stopped some my apps from working,1,0.2219,1040193,@AppleSupport Your new upgrade stuck my iPhone 6s. Pls launch a new upgrade fixing the problems.,@366096 We'd like to look into this. Please join us in DM and provide us with the details. Click here: https://t.co/GDrqU22YpT,1
2686666,@AppleSupport the new upgrade has stopped some my apps from working,2,0.2189,1131391,@AppleSupport my maps app has stopped working since iOS upgrade,@386628 We rely on those maps so let's make sure we get yours working again. What is not working on yours?,2
2686666,@AppleSupport the new upgrade has stopped some my apps from working,3,0.2165,818913,@115858 @AppleSupport the new IOS upgrade has so many problems! Email rarely works. Updating apps doesn’t work. I have the latest. 😡,@315079 We'd like to help. Let's meet in DM to start. https://t.co/GDrqU22YpT,2
2686666,@AppleSupport the new upgrade has stopped some my apps from working,4,0.2118,1061450,@AppleSupport my AppStore has stopped working. It won’t update my apps. Fix it please. https://t.co/fiheWkNBsR,@135031 We're here to help! Are you getting any error messages?,2
2686666,@AppleSupport the new upgrade has stopped some my apps from working,5,0.2086,215305,My @115858 watch Stand function has stopped working...,@6880 When did you first encounter the issue?,1
451415,@AppleSupport It was just connected to my Apple TV by the way. 5 minutes later to stop and pause and now it can’t connect to it. Not to mention it just took 2 minutes to send that tweet when it should usually take 2 seconds.,1,0.2109,1234116,@AppleSupport Took 2 minutes to open Safari today.,@409458 Thanks for reaching out. Which country are you located in? Please reply in DM. https://t.co/GDrqU22YpT,1
451415,@AppleSupport It was just connected to my Apple TV by the way. 5 minutes later to stop and pause and now it can’t connect to it. Not to mention it just took 2 minutes to send that tweet when it should usually take 2 seconds.,2,0.1879,553473,@AppleSupport Took 3 tries to send that,@249082 Thanks for bringing this to our attention. Click here to connect with us in DM and provide us with a screen recording of the issue: Screen Recording: https://t.co/4LuYBB7Kns https://t.co/GDrqU22YpT,0
451415,@AppleSupport It was just connected to my Apple TV by the way. 5 minutes later to stop and pause and now it can’t connect to it. Not to mention it just took 2 minutes to send that tweet when it should usually take 2 seconds.,3,0.1761,177837,@AppleSupport I've updated my phone and its starting to lag. not to mention it drains my battery,@157890 Let's take this conversation to DM. Which country are you located in? https://t.co/GDrqU22YpT,1
451415,@AppleSupport It was just connected to my Apple TV by the way. 5 minutes later to stop and pause and now it can’t connect to it. Not to mention it just took 2 minutes to send that tweet when it should usually take 2 seconds.,4,0.164,453893,"@AppleSupport it started happening after I updated to High Sierra. It says it can't connect, but my phone, tv and apple tv have no problem connecting to it.",@222714 Have you tried any other steps to resolve this aside from restarting the devices? Does it happen in safe mode? Have you tried another user account? Once connected does it drop the connection at all?,1
451415,@AppleSupport It was just connected to my Apple TV by the way. 5 minutes later to stop and pause and now it can’t connect to it. Not to mention it just took 2 minutes to send that tweet when it should usually take 2 seconds.,5,0.1639,2726006,@115858 It's saying it can't connect to the server.,"@764484 If you're still having issues with iMessage, go ahead and let us know which model iPhone you purchased and what exact iOS version is installed. We'll be happy to help determine what's causing this for you so you can get back to messaging as expected.",1
2220824,Wonder when @115858 will fix the letter I️... I️ kinda like it - very unique.,1,0.6203,644969,I Wonder When @115858 Will Fix That [?] ! Glitch... 🤷🏻‍♂️,@273076 We'd be happy to look into this with you more in detail. Please reach out to us via DM and we'll get started. https://t.co/GDrqU22YpT,1
2220824,Wonder when @115858 will fix the letter I️... I️ kinda like it - very unique.,2,0.3247,1743568,Wonder when @115858 is gonna fix this question mark for the letter i thing that’s going on. Haha,@525891 Here’s what you can do to work around the issue until it’s fixed in a future software update: https://t.co/xXaXeeSRt9,1
2220824,Wonder when @115858 will fix the letter I️... I️ kinda like it - very unique.,3,0.3061,1582135,FIX THE LETTER I️ DAMNET @AppleSupport,@487000 We’d love to help you with that. Let's work through the steps suggested in this article: https://t.co/xU1AGHStV6,1
2220824,Wonder when @115858 will fix the letter I️... I️ kinda like it - very unique.,4,0.2856,978596,I️ wonder when this is going to stop @AppleSupport,@352090 Thanks for reaching out. We have a workaround for this here: https://t.co/xXaXeeSRt9 DM us if you still need help. https://t.co/GDrqU22YpT,1
2220824,Wonder when @115858 will fix the letter I️... I️ kinda like it - very unique.,5,0.2788,2014026,@115858 fix the letter I️,@595531 Thanks for reaching out. We have a workaround for this here: https://t.co/xXaXeeSRt9 DM us if you still need help. https://t.co/GDrqU22YpT,1
488035,@118721 @AppleSupport Update: it put the songs into a separate album. How can this be corrected on my mobile device? https://t.co/Vz69qGkdug,1,0.2711,2020060,@AppleSupport iPhone 6S slower than dial up since the last iOS upgrade. How can this be corrected?,@597371 We'd be happy to look into this with you. What version of the iOS are you running? Check from Settings &gt; General About &amp; DM us https://t.co/GDrqU22YpT,1
488035,@118721 @AppleSupport Update: it put the songs into a separate album. How can this be corrected on my mobile device? https://t.co/Vz69qGkdug,2,0.2496,1218347,@AppleSupport can this be fixed? https://t.co/tnaJpE7G0P,@405863 We want to help. Send us a DM letting us know which country you are located in. https://t.co/GDrqU22YpT,1
488035,@118721 @AppleSupport Update: it put the songs into a separate album. How can this be corrected on my mobile device? https://t.co/Vz69qGkdug,3,0.2312,1351896,@AppleSupport the icon image for Strava is missing following update to 11.1. All other apps are ok. How can this be corrected?,@435253 We’d like to see how we can help. Can you DM what happens when you search for the App with the Search feature? https://t.co/GDrqU22YpT,1
488035,@118721 @AppleSupport Update: it put the songs into a separate album. How can this be corrected on my mobile device? https://t.co/Vz69qGkdug,4,0.2063,2020093,@AppleSupport how can this be? I have 3'22 free GB that I can't use in my iPhone... https://t.co/67ClYZUe9W,@597378 The reading on the iPhone itself is most accurate in this case. The iOS uses some space on the drive that is unusable.,1
488035,@118721 @AppleSupport Update: it put the songs into a separate album. How can this be corrected on my mobile device? https://t.co/Vz69qGkdug,5,0.2032,1936345,@AppleSupport how do I approve a device? https://t.co/fGm8aL927m,"@576089 To approve your Mac, you’ll need to use one of your other Apple devices, which uses the same iCloud ID. Questions? DM us. https://t.co/GDrqU22YpT",1
1277211,"@AppleSupport Not happy with headers font size.. like Contacts, chats, Recents these all heading’s size. Is there anyway to reset it as earlier?",1,0.2779,1277212,@AppleSupport not happy with latest update.. :(,@418921 Thanks for reaching out today! We're sorry to hear you're not happy with the update. What's going on?,1
1277211,"@AppleSupport Not happy with headers font size.. like Contacts, chats, Recents these all heading’s size. Is there anyway to reset it as earlier?",2,0.2372,261308,@AppleSupport Is there anyway to stop iCloud notifications?,@178216 Hi. Can you tell us more about what you're attempting to do. What would you like to turn off in iCloud?,1
1277211,"@AppleSupport Not happy with headers font size.. like Contacts, chats, Recents these all heading’s size. Is there anyway to reset it as earlier?",3,0.2315,1772565,@AppleSupport is there anyway to recover deleted calanders?,@532752 We'd be glad to look into this with you! Were the calendars synced with iCloud? This may help: https://t.co/iQFDkNylBP,1
1277211,"@AppleSupport Not happy with headers font size.. like Contacts, chats, Recents these all heading’s size. Is there anyway to reset it as earlier?",4,0.2289,1509360,@AppleSupport Is there anyway to change these to metric units ? Thanks https://t.co/FviEfBSyiC,@301234 Excellent question. Change the units from within the Weather app itself. Use this for more help: https://t.co/D1bMbV49O6,2
1277211,"@AppleSupport Not happy with headers font size.. like Contacts, chats, Recents these all heading’s size. Is there anyway to reset it as earlier?",5,0.2249,2125975,@AppleSupport @115858 I️ am not happy with this.,@626063 Let's look into this. DM us more details about what exactly you are experiencing . https://t.co/GDrqU22YpT,1
1888353,@AppleSupport iOS 11 has destroyed my battery life. Please fix it.,1,0.7274,968702,@AppleSupport iOS 11 has destroyed my phone,@349954 We're happy to assist. Which iOS 11 version are you currently running? Go to Settings &gt; General &gt; About for the version.,1
1888353,@AppleSupport iOS 11 has destroyed my battery life. Please fix it.,2,0.5793,2773325,ios 11 has destroyed my phone fix this @115858,@775133 That's not what we want to hear. We're here for you and happy to help. Can you tell us what's happening specifically with your iPhone? DM us and let us know. https://t.co/GDrqU22YpT,1
1888353,@AppleSupport iOS 11 has destroyed my battery life. Please fix it.,3,0.5727,427412,iOS 11 has destroyed my iPhone. Thanks @115858,"@216653 Your iPhone is important to you; we'll do all we can to help. To start, let us know what's happening.",1
1888353,@AppleSupport iOS 11 has destroyed my battery life. Please fix it.,4,0.5723,1265228,@115858 IOS 11.0.3 has destroyed my iPhone 7 ... help!,"@416264 Hey Alex, we'd like to help out with your iPhone. Send us a DM. https://t.co/GDrqU22YpT",1
1888353,@AppleSupport iOS 11 has destroyed my battery life. Please fix it.,5,0.5626,1833640,The iOS 11 update has destroyed my battery life. Cheers @115858 🙄,@124684 Thanks for reaching out. DM which iPhone and specific iOS version you are using currently to get started. https://t.co/GDrqU22YpT,2
103224,"""Keep in mind that this version will still be available to all users as a manual update from the App Store""...@118936 @115858.. the app store does not behave like this. Please can we fix this 🙏",1,0.2798,1691853,".@AppleSupport can we fix this, please? I️ I️ I️ I️ I️ I️ I️ I️ I️ I️ I️ I️ I️ I️ I️ I️ I️ I️ I️ I️ I️ I️ I️ I️ I️ I️ I️ I️ I️",@513550 Here’s what you can do to work around the issue until it’s fixed in a future software update: https://t.co/xXaXeeSRt9,0
103224,"""Keep in mind that this version will still be available to all users as a manual update from the App Store""...@118936 @115858.. the app store does not behave like this. Please can we fix this 🙏",2,0.2666,599071,@AppleSupport In the App Store,"@262083 Alright. DM us, and we'll look into this deeper. https://t.co/GDrqU22YpT",2
103224,"""Keep in mind that this version will still be available to all users as a manual update from the App Store""...@118936 @115858.. the app store does not behave like this. Please can we fix this 🙏",3,0.2282,2852282,I️ I️ I️ I️ I️ I️ I️ I️ I️ I️ I️ I️ I️ I️ I️ I️ I️ I️ I️ I️ I️ I️ Can we fix this @115858,@793017 We’ve been able to resolve the keyboard issue with a recent update. Let us know in DM when you’ve completed it: https://t.co/80YRnjDFDk https://t.co/GDrqU22YpT,0
103224,"""Keep in mind that this version will still be available to all users as a manual update from the App Store""...@118936 @115858.. the app store does not behave like this. Please can we fix this 🙏",4,0.2276,31884,@AppleSupport I can’t download apps from the app store.,@123043 Let’s work together to get your apps downloading again. Are you downloading updates or new apps? Any messages when downloading?,2
103224,"""Keep in mind that this version will still be available to all users as a manual update from the App Store""...@118936 @115858.. the app store does not behave like this. Please can we fix this 🙏",5,0.2188,1651821,@AppleSupport I can’t connect to the app store.,@504413 Let's look into this together. Which device are you using and what happens when you try to connect to the App Store?,2
1539988,@AppleSupport https://t.co/Y9JfRaKvKl,1,1.0,698,@AppleSupport https://t.co/NV0yucs0lB,@115854 We're here for you. Which version of the iOS are you running? Check from Settings &gt; General &gt; About.,1
1539988,@AppleSupport https://t.co/Y9JfRaKvKl,2,1.0,2920030,@AppleSupport https://t.co/DvCVI6tsck,@808183 We’re glad to hear that it’s working again. You can let your voice be heard by heading over to our Feedback site: https://t.co/eTPVYVFyd8,1
1539988,@AppleSupport https://t.co/Y9JfRaKvKl,3,1.0,2919976,@AppleSupport https://t.co/uc3r8cxX6U,@446990 Thank you for that screenshot. It looks like the update did not finish downloading or installing so the iPhone will not update at this time.,1
1539988,@AppleSupport https://t.co/Y9JfRaKvKl,4,1.0,2918872,@AppleSupport https://t.co/xfChz34MO9,@807879 Thanks for that screenshot. We see that you're currently using Wi-Fi to access the web. Have you tried to log in using your cellular connection?,1
1539988,@AppleSupport https://t.co/Y9JfRaKvKl,5,1.0,2187690,@AppleSupport https://t.co/dXymm1PCPs,@299009 We'd like to get a bit more information about what's going on. DM us your country to get started. https://t.co/GDrqU22YpT,1
2024868,"So, @115858 y’all not gonna fix this 👉🏿 I️",1,0.5768,2402184,Aye yoo @AppleSupport !! Y’all not gonna fix this ?? “ I️ “ 😑,"@691112 We recently released an iOS update, 11.1.1, that contains a fix for autocorrect issues. Let’s be sure to back up your device prior to updating. Follow the steps here: https://t.co/80YRnjDFDk",1
2024868,"So, @115858 y’all not gonna fix this 👉🏿 I️",2,0.5621,2126028,Yo @115858 y’all really not gonna fix this I️ ?,@626080 Here’s what you can do to work around the issue until it’s fixed in a future software update: https://t.co/xXaXeeSRt9,1
2024868,"So, @115858 y’all not gonna fix this 👉🏿 I️",3,0.5524,1700834,@115858 y’all Gonna fix this? I️,@515736 Here’s what you can do to work around the issue until it’s fixed in a future software update: https://t.co/xXaXeeSRt9,1
2024868,"So, @115858 y’all not gonna fix this 👉🏿 I️",4,0.541,2213672,"so @115858, y’all just not gonna fix this question mark in the box issue?","@646921 iOS 11.1.1 was recently released and it includes a fix for autocorrect issues. Be sure to back up your device prior to updating, and let us know if the issue persists in DM afterwards. How to back up: https://t.co/4f8hwT5to6 https://t.co/GDrqU22YpT",1
2024868,"So, @115858 y’all not gonna fix this 👉🏿 I️",5,0.5025,1983127,@115858 y’all gonna fix this “ I️ “ shit?,@586995 We'd like to hear more about what's happening with your device. Let's continue chatting via DM so we can take a closer look. https://t.co/GDrqU22YpT,1
2050946,Seriously @115858 y’all gotta fix this update .. my phone is trash AF,1,0.5555,1484756,@115858 y’all gotta fix this update ! What is I️ ?,@464797 Let's have a look at this. Please DM us. https://t.co/GDrqU22YpT,1
2050946,Seriously @115858 y’all gotta fix this update .. my phone is trash AF,2,0.5388,2438549,@115858 y’all gotta fix this I️ problem,"@329559 Hi there. We’ve recently released an update, iOS 11.1.1 which addresses this issue. Don’t forget to create a backup of your device before you update: https://t.co/xXaXeeSRt9",1
2050946,Seriously @115858 y’all gotta fix this update .. my phone is trash AF,3,0.5381,2665325,@115858 y’all gotta fix this I️ on my phone.,@750951 Here’s what you can do to work around the issue until it’s fixed in a future software update: https://t.co/xXaXeeSRt9,1
2050946,Seriously @115858 y’all gotta fix this update .. my phone is trash AF,4,0.51,1533862,@115858 y’all gotta fix this iOS 11.1 update,@475691 We'd like to help. What issues have you experienced with iOS 11.1?,1
2050946,Seriously @115858 y’all gotta fix this update .. my phone is trash AF,5,0.4355,2520767,@AppleSupport y’all gotta fix this I️ NOW,@717991 We want to help. Try following the steps in this link to update to the latest version of iOS: https://t.co/ahjigcvFRG Send us a DM if you encounter any issues after the update. https://t.co/GDrqU22YpT,1
331717,@AppleSupport Since the last update my earpods remote only plays and pauses for Apple Music even when it’s closed. I only really use Spotify,1,0.2168,1721842,@AppleSupport It automatically plays and pauses iTunes now instead of the app I’m actually using wether it be @1016 or @279681,"@237554 Have you checked the App Store for updates for those apps? DM us, and let us know what you find. https://t.co/GDrqU22YpT",1
331717,@AppleSupport Since the last update my earpods remote only plays and pauses for Apple Music even when it’s closed. I only really use Spotify,2,0.192,586989,"Ever since the last update, my iphones music constantly pauses without me clicking it @AppleSupport",@258630 We're here for you. Which iOS version are you running? Tap Settings &gt; General &gt; About to find the version number.,2
331717,@AppleSupport Since the last update my earpods remote only plays and pauses for Apple Music even when it’s closed. I only really use Spotify,3,0.1712,1709925,@AppleSupport Since the new update,@518066 Here’s what you can do to work around the issue until it’s fixed in a future software update: https://t.co/xXaXeeSRt9,1
331717,@AppleSupport Since the last update my earpods remote only plays and pauses for Apple Music even when it’s closed. I only really use Spotify,4,0.1666,215383,"@AppleSupport IPhone 6s. I have the Jabra step 3. They connect to Apple music, even when I have podcasts playing.","@167178 Have you tested the device using a different Bluetooth accessory, or by testing the accessory with another device? DM us: https://t.co/GDrqU22YpT",2
331717,@AppleSupport Since the last update my earpods remote only plays and pauses for Apple Music even when it’s closed. I only really use Spotify,5,0.1601,1762275,So I️ just dropped my MacBook and now the fan is running extremely loud even when it’s closed. Can anybody help? @AppleSupport,@530252 We are sorry to hear about your MacBook. Please send us a DM so we can take closer look. https://t.co/GDrqU22YpT,1
845838,Dear @115858 can you please release a bug fix to your #ios11 that's destroying my battery life! Please and thank you. #FirstWorldProblems,1,0.3533,2093872,@115858 fix this I️ please and thank you,@618686 Here’s what you can do to work around the issue until it’s fixed in a future software update: https://t.co/G4q0hxzVXF,1
845838,Dear @115858 can you please release a bug fix to your #ios11 that's destroying my battery life! Please and thank you. #FirstWorldProblems,2,0.3533,2134834,@115858 fix this ? please and thank you!,@425314 Here’s what you can do to work around the issue until it’s fixed in a future software update: https://t.co/xXaXeeSRt9,1
845838,Dear @115858 can you please release a bug fix to your #ios11 that's destroying my battery life! Please and thank you. #FirstWorldProblems,3,0.3417,1516121,Fix this ➡️ I️ ⬅️!!! Please and thank you @115858,@471759 We can give you some guidance on that. Please send us a DM so we can assist. https://t.co/GDrqU22YpT,1
845838,Dear @115858 can you please release a bug fix to your #ios11 that's destroying my battery life! Please and thank you. #FirstWorldProblems,4,0.3312,2787885,Dear @115858 can you please fix this I️ issue?,"@778270 We've released an update that addresses the issue. Have you had the chance to back up and update to iOS 11.1.2 yet? Does this happen when typing on your device, or are you seeing it in other posts? https://t.co/GDrqU22YpT",0
845838,Dear @115858 can you please release a bug fix to your #ios11 that's destroying my battery life! Please and thank you. #FirstWorldProblems,5,0.3254,1631278,@115858 please fix the “ i “‘s🤦🏾‍♀️ please and thank you,@499249 Thanks for reaching out. We have a workaround for this here: https://t.co/xXaXeeSRt9 DM us if you still need help. https://t.co/GDrqU22YpT,1
1211778,@AppleSupport sooooooo any reason the new update completely destroyed the function of my phone???,1,0.3275,942799,@115858’s new update has completely destroyed my phone!!!!,@343504 We're here to help. Please provide more details about what you're experiencing in DM. https://t.co/GDrqU22YpT,2
1211778,@AppleSupport sooooooo any reason the new update completely destroyed the function of my phone???,2,0.2721,1128233,@AppleSupport the new update has destroyed the life of my battery 😔 #iphoneproblems,@385972 We can help! Join us in DM and we'll get to work on this issue right away. https://t.co/GDrqU22YpT,1
1211778,@AppleSupport sooooooo any reason the new update completely destroyed the function of my phone???,3,0.2671,1814140,@AppleSupport can we talk about how your ios11 update completely destroyed my phone,@544983 We're here for you if you'd like to share some details. Use the DM link below: https://t.co/GDrqU22YpT,2
1211778,@AppleSupport sooooooo any reason the new update completely destroyed the function of my phone???,4,0.2376,1800283,@115858 i get you guys need to make money and shit. but the fact that this new update completely destroyed my phone is a joke.,@540895 Send us a DM with the details about how your iPhone is performing differently. We want to help iron out any issues. https://t.co/GDrqU22YpT,2
1211778,@AppleSupport sooooooo any reason the new update completely destroyed the function of my phone???,5,0.2261,411125,@115858 stop breaking my heart that update completely destroyed my phone lowkey hating you right now,@213052 We'd be glad to work with you on the troubles with your iPhone. What specific issues are you seeing?,2
2532856,@AppleSupport Why does the iPhone 8 continue to rotate with the orientation lock on????,1,0.4255,1896097,@115858 does the orientation lock just not work with iOS 11? This is the worst.,"@565144 We'd love the opportunity to help with this. In DM, please let us know the device and the exact version of iOS 11 you're using. https://t.co/GDrqU22YpT",2
2532856,@AppleSupport Why does the iPhone 8 continue to rotate with the orientation lock on????,2,0.3505,2968990,WHY DOES MY HOME SCREEN KEEP ROTATING WHEN I HAVE ORIENTATION LOCK ON!?!? @AppleSupport,"@818979 We certainly appreciate wanting to control your screen's orientation. We'll be happy to help get things working as expected. What device and version of IOS are we working with? Have you tried restarting the device? If not, let's give that a try.",2
2532856,@AppleSupport Why does the iPhone 8 continue to rotate with the orientation lock on????,3,0.348,845557,"@115858 can you pls fix the orientation lock, my iPhone picks whatever orientation it wants ever since I updated to iOS 11 💗","@320987 Since noticing this, have you had a chance to restart your device? It may seem like a simple step, but can resolve many issues.",2
2532856,@AppleSupport Why does the iPhone 8 continue to rotate with the orientation lock on????,4,0.2872,568466,"@AppleSupport I’m also having problems changing orientation. When I rotate my iPad, it often doesn’t change the orientation. Sometimes the orientation changes on its own. IOS 11.2.",@253002 Please us the following link to meet us in DM. We want to help. https://t.co/GDrqU22YpT,1
2532856,@AppleSupport Why does the iPhone 8 continue to rotate with the orientation lock on????,5,0.275,2771810,"@AppleSupport why does my home screen on iPhone 8+ keep flipping around, even though orientation lock is on?",@774791 Thanks for reaching out. Which apps are you using when you notice the screen orientation changing on your iPhone?,2
2042351,@AppleSupport IOS 11 IS RUINING MY LIFE MY PHONE KEEPS FREEZING AND I CANT SEE MY NOTIFICATIONS ☹️,1,0.4573,2133508,@115858 update is ruining my life.,@627753 We'd like to help. Let's take this to DM and we'll explore ways to provide you assistance. https://t.co/GDrqU22YpT,1
2042351,@AppleSupport IOS 11 IS RUINING MY LIFE MY PHONE KEEPS FREEZING AND I CANT SEE MY NOTIFICATIONS ☹️,2,0.422,2177358,@AppleSupport this glitch is ruining my life,@638197 Here’s what you can do to work around the issue until it’s fixed in a future software update: https://t.co/xXaXeeSRt9,1
2042351,@AppleSupport IOS 11 IS RUINING MY LIFE MY PHONE KEEPS FREEZING AND I CANT SEE MY NOTIFICATIONS ☹️,3,0.4184,704558,This update is ruining my life!! @115858,@288369 We are here to help. Please send us a DM with details about what's going on. https://t.co/GDrqU22YpT,1
2042351,@AppleSupport IOS 11 IS RUINING MY LIFE MY PHONE KEEPS FREEZING AND I CANT SEE MY NOTIFICATIONS ☹️,4,0.391,2558692,Update is ruining my phone 🙂@115858,@726363 This isn't what we expect to happen when you update your iPhone. Could you join us in DM with more info on what you're seeing? https://t.co/GDrqU22YpT,1
2042351,@AppleSupport IOS 11 IS RUINING MY LIFE MY PHONE KEEPS FREEZING AND I CANT SEE MY NOTIFICATIONS ☹️,5,0.362,1588167,@115858 your update is ruining my phone,@488453 We're here for you. What's going on with your iPhone that we can help with today?,1
390072,@AppleSupport dm please,1,1.0,338622,@AppleSupport DM please🙏🏻🙏🏻🙏🏻,@196835 We just got it. Look for our reply soon!,0
390072,@AppleSupport dm please,2,0.7395,800391,@AppleSupport DM?,@310718 DM is direct message. You can use the link below to reach out to us. https://t.co/GDrqU22YpT,0
390072,@AppleSupport dm please,3,0.7395,2110957,@AppleSupport DM?,"@622693 Yes, a Direct Message. You can use the link in this Tweet to send us one. https://t.co/GDrqU22YpT",0
390072,@AppleSupport dm please,4,0.7395,2212779,@AppleSupport DM ?,"@211654 Sure, just click the link below and message us. It's private messaging. https://t.co/GDrqU22YpT",0
390072,@AppleSupport dm please,5,0.7395,639375,@AppleSupport DM,"@271669 We've received your DM, and will continue the conversation with you there.",0
2503716,I recently got my iPhone X and I realized the left side of my speakers don’t work @AppleSupport,1,0.3372,2007927,@AppleSupport Left side of screen. #iphonex,@462638 We certainly want to help. Reach out to us in DM and let us know what version of iOS you're running &amp; more info on what's going on. https://t.co/GDrqU2kzhr,0
2503716,I recently got my iPhone X and I realized the left side of my speakers don’t work @AppleSupport,2,0.3108,2448395,"@AppleSupport It’s freezing, screen locks sideways, and the left bottom speakers don’t work",@225259 What model of iPhone do you have? What version of iOS are you currently running?,1
2503716,I recently got my iPhone X and I realized the left side of my speakers don’t work @AppleSupport,3,0.3015,168808,@AppleSupport How the led on the left side of iPhone X notch light up,@711186 We'd like to help with your iPhone X. Follow up with us in DM. Tell us more about how we can help with the iPhone X there. https://t.co/GDrqU22YpT,0
2503716,I recently got my iPhone X and I realized the left side of my speakers don’t work @AppleSupport,4,0.3004,152878,@AppleSupport my 📱 X just developed a green bar on the left side of the screen. Suggestions?,@150969 Thanks for reaching out. Let's work together to pinpoint what's happening and get this resolved so you can enjoy your iPhone X. Please tap here to DM us and we'll get started: https://t.co/GDrqU22YpT,0
2503716,I recently got my iPhone X and I realized the left side of my speakers don’t work @AppleSupport,5,0.2806,511125,@AppleSupport help I got a green line on the left side of my iPhone X screen and restarting it doesn’t make it go away,@237474 We are happy to help. Let's continue in DM to have a closer look at these issues with you. https://t.co/GDrqU22YpT,0
1273596,@AppleSupport Its fine with @133941 on @116230 using @9242,1,0.2467,1341785,@AppleSupport Its rock,"@432966 Let's change to Bass Booster and let us know if this helps, please.",0
1273596,@AppleSupport Its fine with @133941 on @116230 using @9242,2,0.232,514805,Does anyone know why my wifi is working fine on @116230 but not @115858 devices and what I can do to fix it?? #drivingmecrazy,@238545 Having access to Wi-Fi on your devices is important. Let's work towards a resolution together. Join us in DM and we'll get started. https://t.co/GDrqU22YpT,0
1273596,@AppleSupport Its fine with @133941 on @116230 using @9242,3,0.2276,1886292,#iTunes is getting on my nerves..how many times you gonna #crash tonight?! @115858 please #help your #programs on @116230,"@562595 We'd like to see if we can help get iTunes running as expected. DM us with more information, and we'll get started. https://t.co/GDrqU22YpT",0
1273596,@AppleSupport Its fine with @133941 on @116230 using @9242,4,0.2254,568413,@AppleSupport Its 11.0,"@253368 Thanks for sending that information. Go ahead and update to the latest version of software, iOS 11.2. Let us know if this fixes the issue.",0
1273596,@AppleSupport Its fine with @133941 on @116230 using @9242,5,0.2254,1219241,@AppleSupport Its 11.0.3,@406062 Alright. We'd be happy to look into this with you further. DM us using the link below and we'll go from there. https://t.co/GDrqU22YpT,0
266838,@AppleSupport iPhone 6 thanks 🙏🏻,1,0.5404,498604,@AppleSupport iPhone X,"@234030 Thank you. This is expected behavior with the iPhone X. We'd love to hear your feedback, though. Use this link to provide feedback on this: https://t.co/eTPVYVFyd8",0
266838,@AppleSupport iPhone 6 thanks 🙏🏻,2,0.5404,181444,@AppleSupport iPhone 8+,@158626 Okay. Are you the Organizer of the Family Share account?,0
266838,@AppleSupport iPhone 6 thanks 🙏🏻,3,0.5404,928021,@AppleSupport IPhone 7+ 265GB,@340192 Thanks. Which version of iOS 11 are you running?,0
266838,@AppleSupport iPhone 6 thanks 🙏🏻,4,0.5404,305301,@AppleSupport iPhone 7,@188889 Are there any carrier updates available? https://t.co/bfoi2mhtX3,0
266838,@AppleSupport iPhone 6 thanks 🙏🏻,5,0.5404,1670232,@AppleSupport iPhone 6,@508466 Thanks. Please DM us so that we can troubleshoot together. https://t.co/GDrqU2kzhr,0
112841,"@AppleSupport received email that seems fraudulent. Says my ID used in Mexico. Have not been in Mex. My computer is ""suspicious"" of the link to unlock. Need help but it's getting late in UK. Help?",1,0.172,1929852,"Dear @AppleSupport , i received this email. Id this for real or is this a scam? In the email, it has a link to ""verify your Apple ID"" HELP! https://t.co/0Xj7yW4ip0",@574281 Thanks for reaching out to us. We'd like to help you and look into this further. Please DM us to continue working on this. https://t.co/GDrqU2kzhr,2
112841,"@AppleSupport received email that seems fraudulent. Says my ID used in Mexico. Have not been in Mex. My computer is ""suspicious"" of the link to unlock. Need help but it's getting late in UK. Help?",2,0.164,2633080,@AppleSupport I need help but it seems I can't get anywhere with support.,@219220 We're happy to help. Let us know how we can assist.,1
112841,"@AppleSupport received email that seems fraudulent. Says my ID used in Mexico. Have not been in Mex. My computer is ""suspicious"" of the link to unlock. Need help but it's getting late in UK. Help?",3,0.1628,331384,@AppleSupport I need help,"@194895 We'd be glad to assist! We've received your DM, and will continue there.",0
112841,"@AppleSupport received email that seems fraudulent. Says my ID used in Mexico. Have not been in Mex. My computer is ""suspicious"" of the link to unlock. Need help but it's getting late in UK. Help?",4,0.1628,1449252,@AppleSupport I need help,@456295 We'd be glad to see what we can do. What's going on?,0
112841,"@AppleSupport received email that seems fraudulent. Says my ID used in Mexico. Have not been in Mex. My computer is ""suspicious"" of the link to unlock. Need help but it's getting late in UK. Help?",5,0.1628,1415280,@AppleSupport Need help 😞😞😞,@178928 Let's take a closer look at this together. Please DM us and we can go from there. https://t.co/GDrqU22YpT,0
1912999,"@AppleSupport I put my laptop in my backpack flew on a plane and took it out, now the trackpad is bulged and it was not when i left.",1,0.2213,2812564,@AppleSupport It was not checked :(,@784249 Thank you for checking that for us. We'd like to look into this further with you. Let's continue in DM. https://t.co/GDrqU22YpT,0
1912999,"@AppleSupport I put my laptop in my backpack flew on a plane and took it out, now the trackpad is bulged and it was not when i left.",2,0.2103,1655542,"@505230 @115858 @AppleSupport If I put my phone or tablet in the space to the left of the trackpad of my Macbook Pro, it does the same thing.",@505817 That's actually expected behavior. Check out https://t.co/Bczv1UEIQm for details on that. DM us any further questions on this. https://t.co/GDrqU22YpT,1
1912999,"@AppleSupport I put my laptop in my backpack flew on a plane and took it out, now the trackpad is bulged and it was not when i left.",3,0.2094,216090,@AppleSupport PUT IT BACK THE WAY IT WAS.,@167373 Let’s look into this in more detail. Reach out to us in DM so we can help. https://t.co/GDrqU22YpT,0
1912999,"@AppleSupport I put my laptop in my backpack flew on a plane and took it out, now the trackpad is bulged and it was not when i left.",4,0.2074,2734047,"@AppleSupport When i turn it on, the keyboard won’t work so i can’t put my password and the trackpad won’t work either",@154491 Thanks again. Let's try a simple reset to begin. This article will guide you: https://t.co/FYojVXHuwn,1
1912999,"@AppleSupport I put my laptop in my backpack flew on a plane and took it out, now the trackpad is bulged and it was not when i left.",5,0.1938,1368864,@115858 my battery exploded and broke the trackpad on my laptop... Pretty disappointed! https://t.co/vqr7EwrP7H,@438626 We’d like to understand more about this situation. Please DM us some details and we’ll take it from there. https://t.co/GDrqU22YpT,1
1051415,Hey @115858 can you fix whatever bug is with your iOS so I can’t connect a personal hotspot thanks,1,0.3735,1658681,HEY @115858 CAN YOU FIX THIS I️ I️ I️ I️,@506068 Here’s what you can do to work around the issue until it’s fixed in a future software update: https://t.co/qODbOsp4wz,0
1051415,Hey @115858 can you fix whatever bug is with your iOS so I can’t connect a personal hotspot thanks,2,0.3735,2125771,Hey @115858 can you fix this I️ ?,@626010 Here’s what you can do to work around the issue until it’s fixed in a future software update: https://t.co/xXaXeeSRt9,0
1051415,Hey @115858 can you fix whatever bug is with your iOS so I can’t connect a personal hotspot thanks,3,0.3442,2292788,"Hey @115858, can you fix my I️ phone",@665831 We're glad to help. Let's get your iOS version from Settings &gt; General &gt; About &gt; Version. We'll work from there.,0
1051415,Hey @115858 can you fix whatever bug is with your iOS so I can’t connect a personal hotspot thanks,4,0.3282,2366136,Hey @115858 can you fix the I️ issue???,"@683052 We'd like to help. Have you already updated to 11.1.1? If not, back up your device and update. If you are already on 11.1.1, send us a DM. https://t.co/GDrqU22YpT",0
1051415,Hey @115858 can you fix whatever bug is with your iOS so I can’t connect a personal hotspot thanks,5,0.3262,1466871,Hey @115858 can you fix this?! https://t.co/rWa2j32vXO,@460468 We'd like to check this out. Is your device running iOS 11.1? Let us know in DM. https://t.co/GDrqU22YpT,0
809475,@AppleSupport Yep!,1,1.0,2683436,@AppleSupport Yep,"@754782 We know you're on the bus, so we'll try some simple steps to get it working for you. What model of iPhone do you have so we can be sure we provide the best steps?",0
809475,@AppleSupport Yep!,2,1.0,1141098,@AppleSupport Yep!,@388602 Go ahead and send us a DM. Let us know the country you're in. https://t.co/GDrqU22YpT,0
809475,@AppleSupport Yep!,3,1.0,1027003,@AppleSupport Yep,@363016 We want you to have a great experience with the latest version. Let's partner together in DM where we can investigate further. https://t.co/GDrqU22YpT,0
809475,@AppleSupport Yep!,4,1.0,2356572,@AppleSupport Yep,@680788 What is your current iOS version? DM us the answer. https://t.co/GDrqU22YpT,0
809475,@AppleSupport Yep!,5,1.0,2113862,@AppleSupport Yep,@623253 What errors are you getting if any? Let us know in Direct Message. https://t.co/GDrqU22YpT,0
2967837,My phone has been charging for 45 minutes yet it’s lost 8% battery. @115858 wtf you doing?,1,0.3144,1266486,@115858 my phone has been charging for 7 hours and it just turned on with 5% battery wtf,"@416539 Let's help. Which version of iOS? Let's try the steps here, as well: https://t.co/uqxquyfdn0",2
2967837,My phone has been charging for 45 minutes yet it’s lost 8% battery. @115858 wtf you doing?,2,0.2706,851231,@AppleSupport my phone has been charging for 3.5 HOURS and Is only at 19% WHAT IS GOING ON,"@322212 We want you to be able to fully charge your iPhone, Have you tried to restart it since this started to occur?",1
2967837,My phone has been charging for 45 minutes yet it’s lost 8% battery. @115858 wtf you doing?,3,0.2644,2271688,@AppleSupport my iPhone has been charging for two hours and it won't turn on.,@333741 You've come to the right place for assistance with your iPhone. What happens when you try to power it on? Are you seeing anything on the screen?,1
2967837,My phone has been charging for 45 minutes yet it’s lost 8% battery. @115858 wtf you doing?,4,0.2629,1586849,My phone has been on the charger for like 45 minutes and it's only on 5% wtf @115858,@488164 Let's work on this together in DM. Follow us there using the link below: https://t.co/GDrqU22YpT,2
2967837,My phone has been charging for 45 minutes yet it’s lost 8% battery. @115858 wtf you doing?,5,0.2342,1432413,@115858 wtf I️,@452608 Let's meet up in DM about this. You can reach us in the link below. https://t.co/GDrqU22YpT,0
1499997,@468245 Girl same lmao I️ was tripping out it won’t go away,1,0.3491,1579797,@486433 @115858 Dawg..... I️ thought I️ was tripping,"@486436 Thanks for reaching out! We're glad to help, so we've got a guide to share with you regarding this issue: https://t.co/xU1AGHStV6",1
1499997,@468245 Girl same lmao I️ was tripping out it won’t go away,2,0.2887,2004139,@592642 @115858 I️ updated my phone and everything and it still won’t go away,@592641 Thanks for reaching out to us. What device &amp; iOS version are you currently using? These steps should help https://t.co/xU1AGHStV6 https://t.co/GDrqU22YpT,0
1499997,@468245 Girl same lmao I️ was tripping out it won’t go away,3,0.2473,801094,Is anyone else having this problem how tf you fix this? It won’t go away @AppleSupport @115858 https://t.co/egk5mAv8Rp,"@310894 Thanks for reaching out, and we'd like to help. When did you first notice this issue?",0
1499997,@468245 Girl same lmao I️ was tripping out it won’t go away,4,0.2463,1773874,@115858 y’all have to fix this annoying I️ thing it won’t go away it’s it’s hella annoying PLEASE,@533114 Here’s what you can do to work around the issue until it’s fixed in a future software update: https://t.co/xXaXeeSRt9,0
1499997,@468245 Girl same lmao I️ was tripping out it won’t go away,5,0.2462,35251,@123680 @115858 Omg me too! I thought I was tripping!,@123989 We can definitely look into this with you. Send us a DM and let us know which device you're using. https://t.co/GDrqU22YpT,1
524504,"@AppleSupport @241274 Dear Apple , Many of us in Jaipur, India are also facing same problem since midnight. OS is crashing repeatedly in every 15 seconds.",1,0.2844,524506,@AppleSupport @241274 Same problem! Please help.,"@241291 Thanks for reaching out! We'd love to help you with your iPhone. We released an update that should resolve the restarting, follow these steps to get it updated and let us know how it goes. Be sure to back up your device before updating: https://t.co/osZOKKTalm",1
524504,"@AppleSupport @241274 Dear Apple , Many of us in Jaipur, India are also facing same problem since midnight. OS is crashing repeatedly in every 15 seconds.",2,0.2105,524501,@AppleSupport @241274 Same with me..please fix it,"@241286 You came to the right place, we know you want to get your device working properly again. Try backing up &amp; follow these steps to resolve it: https://t.co/osZOKKTalm If you continue to experience this issue or run into questions, DM us. We'll be here for you. https://t.co/GDrqU22YpT",0
524504,"@AppleSupport @241274 Dear Apple , Many of us in Jaipur, India are also facing same problem since midnight. OS is crashing repeatedly in every 15 seconds.",3,0.2052,2035241,How many of us are having this problem? @AppleSupport https://t.co/8hUkhSOn6f,@563565 We know battery life is important. We'd be happy to help in any way we can with this issue! DM us and we'll go from there: https://t.co/GDrqU22YpT,1
524504,"@AppleSupport @241274 Dear Apple , Many of us in Jaipur, India are also facing same problem since midnight. OS is crashing repeatedly in every 15 seconds.",4,0.1822,1130589,@AppleSupport @386444 I’m with the same problem since #iOS11 on my iPhone 6s,@386445 We'd like to work with you on any issues you're having with your iPhone. DM us details and we'll continue there. https://t.co/GDrqU22YpT,1
524504,"@AppleSupport @241274 Dear Apple , Many of us in Jaipur, India are also facing same problem since midnight. OS is crashing repeatedly in every 15 seconds.",5,0.1795,1376754,Is it only me or others are also facing #iPhone7 battery drain issue?? @AppleSupport @115858,@440497 We'd like to help. What iOS are you using? Settings &gt; General &gt; About.,1
1492642,@AppleSupport dms,1,0.6616,1410792,@AppleSupport hi read dms,@447901 Thank you for reaching out. We've received your DM and will continue working with you there.,0
1492642,@AppleSupport dms,2,0.5166,1596105,@AppleSupport check ya Dms plz,"@490367 We've received your DM, and will continue working from there. Be on the lookout for our response.",0
1492642,@AppleSupport dms,3,0.5149,1267670,@AppleSupport hello dms please,"@416815 We've received your DM, and we'll continue with you there. Be on the lookout for a response. https://t.co/GDrqU22YpT",0
1492642,@AppleSupport dms,4,0.493,2054292,@AppleSupport check dms,@250131 We'd love to help. Please DM us once more with your question. We'll be sure to look into it for you. We appreciate your patience! https://t.co/GDrqU22YpT,0
1492642,@AppleSupport dms,5,0.4688,1524067,@AppleSupport check dms pls,@473480 We got your DM and will follow up with you there.,0
2798378,@AppleSupport bruhhh fix this dumb shit “ I️ “,1,0.9436,1762135,@115858 FIX I️ THIS I️ DUMB I️ SHIT I️,@530210 Here’s what you can do to work around the issue until it’s fixed in a future software update: https://t.co/xXaXeeSRt9,0
2798378,@AppleSupport bruhhh fix this dumb shit “ I️ “,2,0.7676,1643872,@115858 y’all need to fix this dumb shit! 👉🏽 “I️”,@502392 Here’s what you can do to work around the issue until it’s fixed in a future software update: https://t.co/xXaXeeSRt9,0
2798378,@AppleSupport bruhhh fix this dumb shit “ I️ “,3,0.6934,1674780,@115858 you gonna fix this dumb shit https://t.co/JwVtStMWpO,@509571 Here’s what you can do to work around the issue until it’s fixed in a future software update: https://t.co/xXaXeeSRt9,0
2798378,@AppleSupport bruhhh fix this dumb shit “ I️ “,4,0.6595,2020371,These question marks...fix this dumb shit @115858,"@360239 We can assist you. Check out our article for workaround steps, and DM us if this continues: https://t.co/xU1AGHStV6 https://t.co/GDrqU22YpT",0
2798378,@AppleSupport bruhhh fix this dumb shit “ I️ “,5,0.5813,1717524,@115858 stop fucking playing and fix this dumb shit I️ I️ I️ I️,"@520070 We're here for you. First, let's try the following steps and then restart afterward; see if they help: https://t.co/uQeXsrrlXJ",0
184391,So @115858 has fixed that text bug with iOS 11.1.1. How about fixing the no sound bug when we screen recorded.,1,0.2769,2320116,Hey @AppleSupport how about fixing this I️ I️ I️ I️ I️ I️ I️ I️,"@672421 iOS 11.1.1 was recently released and it includes a fix for autocorrect issues. Be sure to back up your device prior to updating, and let us know if the issue persists afterwards. How to back up: https://t.co/4f8hwT5to6",1
184391,So @115858 has fixed that text bug with iOS 11.1.1. How about fixing the no sound bug when we screen recorded.,2,0.2403,821135,@115858 how about fixing the battery drain on the iphone software update? https://t.co/WXwQc3WdU1,"@315589 We're here to help. To start, what device model and iOS version are you using?",1
184391,So @115858 has fixed that text bug with iOS 11.1.1. How about fixing the no sound bug when we screen recorded.,3,0.2356,756455,@115858 How about fixing the notification icons in the latest update !!,@541775 Thanks for reaching out to us. We are always happy to help. Can you tell us what's going on with your notifications? https://t.co/GDrqU22YpT,1
184391,So @115858 has fixed that text bug with iOS 11.1.1. How about fixing the no sound bug when we screen recorded.,4,0.2072,2307231,I wonder if @115858 has fixed that glitch with the letter “I” yet!? #WTF #Apple #NotAmused,"@669318 We recently released an iOS update, 11.1.1, that contains a fix for autocorrect issues. Let’s be sure to back up your device prior to updating. How to back up: https://t.co/4f8hwT5to6",1
184391,So @115858 has fixed that text bug with iOS 11.1.1. How about fixing the no sound bug when we screen recorded.,5,0.184,2689451,@115858 fucking sucks! What is this garbage? How about fixing the I️ key before I️ switch to Android https://t.co/lZsxPqBWQn,"@756131 If you haven’t yet, please back up your device and update it to the latest version iOS 11.1.2, which addresses this issue. For more info, check out: https://t.co/xXaXeeSRt9 https://t.co/GDrqU22YpT",1
1332618,"@AppleSupport Yes, the twitter app does not open.",1,0.3915,260446,@AppleSupport yes the battery,"@177973 Thanks for that info. Are you running iOS 11.0, iOS 11.0.2 or the beta of iOS 11.1",0
1332618,"@AppleSupport Yes, the twitter app does not open.",2,0.3213,2427310,"@AppleSupport The twitter app. And the latest version, I just updated my phone and app","@696963 Since updating, have you had a chance to restart your iPhone? Please let us know in DM. https://t.co/GDrqU22YpT",2
1332618,"@AppleSupport Yes, the twitter app does not open.",3,0.3053,611321,New iPad blues: safari insists on going to the Twitter app instead of to the twitter website. I hate the Twitter app. Any advice please? My old iPad was well trained! @AppleSupport,"@160294 We want to help you with your new iPad. Try deleting the Twitter app, and DM us if this continues: https://t.co/bNH7gNe3KE https://t.co/GDrqU2kzhr",2
1332618,"@AppleSupport Yes, the twitter app does not open.",4,0.2895,284885,@AppleSupport Yes the music app and iOS 11.2,@183869 Thank you for confirming that. Let's go into DM so we can team up to get this sorted. https://t.co/GDrqU22YpT,2
1332618,"@AppleSupport Yes, the twitter app does not open.",5,0.2891,1753183,@AppleSupport Yes,"@528105 Do you get an error message on your computer when you try to update? If so, please send a photo of the message in DM. https://t.co/GDrqU22YpT",0
2185502,@AppleSupport @2310 #phishing #email #apple https://t.co/kpl9P6jpKS,1,0.4291,1442386,@AppleSupport @2310 @115858 https://t.co/y5JOg6yiRJ,@454676 We are here to help. DM us your iOS version and we can take a look at this. https://t.co/GDrqU22YpT,1
2185502,@AppleSupport @2310 #phishing #email #apple https://t.co/kpl9P6jpKS,2,0.3541,998105,Pretty tasty @AppleSupport #phishing email: verify-intl-secure-locked[.]com https://t.co/3JHdyJnHLa cc @50911 as hoster https://t.co/wc4jHOCrgm,@356340 That certainly isn't us! Check out this article for help with reporting that email: https://t.co/LNMCdqt6fD,2
2185502,@AppleSupport @2310 #phishing #email #apple https://t.co/kpl9P6jpKS,3,0.3312,2605290,@AppleSupport how do I report a phishing email?,@737130 Sure thing! Our article at https://t.co/LNMCdqt6fD has info on how to identify and report those types of emails.,1
2185502,@AppleSupport @2310 #phishing #email #apple https://t.co/kpl9P6jpKS,4,0.3229,1451542,@450136 reclamação contra o IOS 11 da Apple @162449 @127586 @AppleSupport @2310 @219260 @79985 @79986 https://t.co/actTk6bvkM,"@456841 Since our Twitter support is available in English, get help at https://t.co/IBIY3vMgPj or join https://t.co/pvaOFfPbjt",1
2185502,@AppleSupport @2310 #phishing #email #apple https://t.co/kpl9P6jpKS,5,0.3163,2299405,What is this? 🤬🤬 IOS 11.1 Iphone 7 @115858 @AppleSupport @2310 https://t.co/lWJRrrBKii,"@667418 We're happy to help. We have recently released an iOS update. Let's back up your iPhone and update it to iOS 11.1.1. If you have more questions, please DM us here: https://t.co/GDrqU22YpT",1
1880326,Turned 📱 off before 45 min flight @ 20% 🔋. Turned on @ airport curb = 100% dead. Taxi home = $55 &gt; $15 @115879. Thx @AppleSupport #ios11 😡,1,0.2148,2043974,@AppleSupport iOS11 installers remorse,"@160250 Let's figure out what happened to your photos! Do you use iCloud Photo Library? DM us with details, and we'll see how we can help. https://t.co/GDrqU22YpT",0
1880326,Turned 📱 off before 45 min flight @ 20% 🔋. Turned on @ airport curb = 100% dead. Taxi home = $55 &gt; $15 @115879. Thx @AppleSupport #ios11 😡,2,0.2148,2615231,@AppleSupport Ios11.2,"@385379 Let's take a closer look at this issue. DM us, and we'll continue there. https://t.co/GDrqU22YpT",0
1880326,Turned 📱 off before 45 min flight @ 20% 🔋. Turned on @ airport curb = 100% dead. Taxi home = $55 &gt; $15 @115879. Thx @AppleSupport #ios11 😡,3,0.2148,1009056,@AppleSupport IOS11,@350333 Thank you. Could you DM us and we can begin from there? https://t.co/GDrqU22YpT,0
1880326,Turned 📱 off before 45 min flight @ 20% 🔋. Turned on @ airport curb = 100% dead. Taxi home = $55 &gt; $15 @115879. Thx @AppleSupport #ios11 😡,4,0.2148,1760449,@AppleSupport iOS11.1,@529846 Thank you for keeping your iPhone updated! Could you DM us which iPhone you're using and we can continue from there? https://t.co/GDrqU22YpT,0
1880326,Turned 📱 off before 45 min flight @ 20% 🔋. Turned on @ airport curb = 100% dead. Taxi home = $55 &gt; $15 @115879. Thx @AppleSupport #ios11 😡,5,0.2148,1512113,@AppleSupport iOS11.1,"@470957 Got it, we'd like to continue working with you on this. DM us and we'll go from there. https://t.co/GDrqU22YpT",0
2082175,Did anyone else lose contacts after this most recent iOS update? Each day I discover a new person who disappeared! #notcool @115858,1,0.395,2831747,This most recent iOS update has my phone tweeeeakin @AppleSupport,"@788439 Hey, what's going on with your iPhone, exactly? Let us know the details and we'll help you out.",1
2082175,Did anyone else lose contacts after this most recent iOS update? Each day I discover a new person who disappeared! #notcool @115858,2,0.3048,2799416,Did anyone else lose all of their contacts when updating their phone? #uhg #helpmeSiri @115858,@781037 Let's look into that. Send us a DM and we'll go from there. https://t.co/GDrqU22YpT,1
2082175,Did anyone else lose contacts after this most recent iOS update? Each day I discover a new person who disappeared! #notcool @115858,3,0.262,1149967,@AppleSupport iPhone 6 with the most recent iOS.,"@390611 If you haven't already, restart the iPhone following these steps: https://t.co/OWRDHWSt4h If the issue continues, let us know.",1
2082175,Did anyone else lose contacts after this most recent iOS update? Each day I discover a new person who disappeared! #notcool @115858,4,0.2407,1954438,@AppleSupport iPhone 6S with the most recent iOS.,@130264 Thanks! Have you noticed if this is occurring when using specific apps? Please DM us so we can look into this further. https://t.co/GDrqU22YpT,1
2082175,Did anyone else lose contacts after this most recent iOS update? Each day I discover a new person who disappeared! #notcool @115858,5,0.2284,1170185,@115858 why have have I lost all my contacts due to the recent IOS update ????? #notcool,"@395236 Your contacts are important; we'll do all we can to help. To start, are these contacts synced with any other Apple device?",2
656256,Hi @AppleSupport i love my ⌚️nike+ but i wonder about the battery life if i join marathon &amp; finish around 7-8 hrs. I Need your tips !,1,0.2083,2000542,hi @AppleSupport i️ i️ i️ i️ i️ i️,@591532 Hello! Send us a DM telling us which iPhone you’re using and the iOS version it’s running. Let’s look into what's happening. https://t.co/GDrqU22YpT,0
656256,Hi @AppleSupport i love my ⌚️nike+ but i wonder about the battery life if i join marathon &amp; finish around 7-8 hrs. I Need your tips !,2,0.1746,1404093,@AppleSupport I need your help,@446436 We're here! How can we help you?,0
656256,Hi @AppleSupport i love my ⌚️nike+ but i wonder about the battery life if i join marathon &amp; finish around 7-8 hrs. I Need your tips !,3,0.1746,699559,@AppleSupport I need your help,@254874 Hey there. We've got your DM and will respond to you there shortly.,0
656256,Hi @AppleSupport i love my ⌚️nike+ but i wonder about the battery life if i join marathon &amp; finish around 7-8 hrs. I Need your tips !,4,0.1746,2072381,@AppleSupport I need your help,@612949 We'd like to gather some more information for better troubleshooting. Can you DM us the country you are located in? https://t.co/GDrqU22YpT,0
656256,Hi @AppleSupport i love my ⌚️nike+ but i wonder about the battery life if i join marathon &amp; finish around 7-8 hrs. I Need your tips !,5,0.1746,302962,@AppleSupport I Need Your Help,@188307 We've got your back. DM us and we'll go from there. https://t.co/GDrqU22YpT,0
2787914,"@115911 @TMobileHelp @AppleSupport @115858 I’ve had this phone for two months and it’s worked fine but now it won’t read my sim and keeps saying phone not allowed, what does that mean? https://t.co/16LOu4Qtvr",1,0.2507,1947001,@AppleSupport What does that little Clock Symbol mean? https://t.co/BfVpxzC2sV,"@578575 We can understand wanting to know what this means; we'll do all we can to help. To start, connect with us here in DM: https://t.co/GDrqU22YpT",1
2787914,"@115911 @TMobileHelp @AppleSupport @115858 I’ve had this phone for two months and it’s worked fine but now it won’t read my sim and keeps saying phone not allowed, what does that mean? https://t.co/16LOu4Qtvr",2,0.2392,1537590,@AppleSupport what does this mean https://t.co/W5GttxfU3D,@476663 Thanks for reaching out. What kind of iPhone are you using &amp; what iOS version is it running? (Settings &gt; General &gt; About),1
2787914,"@115911 @TMobileHelp @AppleSupport @115858 I’ve had this phone for two months and it’s worked fine but now it won’t read my sim and keeps saying phone not allowed, what does that mean? https://t.co/16LOu4Qtvr",3,0.2392,861977,@AppleSupport What does this mean https://t.co/6oI0Ij8OuY,@324682 Let's look into this further over DM. Please message us there: https://t.co/GDrqU22YpT,1
2787914,"@115911 @TMobileHelp @AppleSupport @115858 I’ve had this phone for two months and it’s worked fine but now it won’t read my sim and keeps saying phone not allowed, what does that mean? https://t.co/16LOu4Qtvr",4,0.2392,1903028,@AppleSupport what does this mean? https://t.co/ZngLpEd922,@567128 We can look into this for you. This symbol means you should connect your iPhone to iTunes. Send us a DM if you run into issues. https://t.co/GDrqU2kzhr,1
2787914,"@115911 @TMobileHelp @AppleSupport @115858 I’ve had this phone for two months and it’s worked fine but now it won’t read my sim and keeps saying phone not allowed, what does that mean? https://t.co/16LOu4Qtvr",5,0.2392,127137,@AppleSupport what does this mean https://t.co/tALOzFqnrA,@144547 We want to help. DM us and we'll work from there. https://t.co/GDrqU22YpT,1
2639638,"@115858 , what have you done to my phone, doing an update and I'm 6 hours in and still a blank phone , not happy 😡",1,0.4294,847042,@AppleSupport what have you done to my phone with this iOS update?!?!? 🔋🆘↘️🗑,"@282967 If you're having some issues, we'd be happy to see how we can help. What's going on?",1
2639638,"@115858 , what have you done to my phone, doing an update and I'm 6 hours in and still a blank phone , not happy 😡",2,0.3604,2309827,Seriously @AppleSupport what have you done to my battery life #iOS11,@669921 We'd like to help out. Have you tried the steps here? https://t.co/bivpdfBNJ6,0
2639638,"@115858 , what have you done to my phone, doing an update and I'm 6 hours in and still a blank phone , not happy 😡",3,0.3418,1997572,What have you done @AppleSupport https://t.co/vosDDLtJiy,@536665 Thanks for bringing this to our attention. Please send us a DM and provide us more details about what you're experiencing. https://t.co/GDrqU22YpT,0
2639638,"@115858 , what have you done to my phone, doing an update and I'm 6 hours in and still a blank phone , not happy 😡",4,0.3316,2147764,SO OVER MY PHONE...@115858 what have you done with this update 😩,@631300 We're happy to help. What is happening with your iPhone?,1
2639638,"@115858 , what have you done to my phone, doing an update and I'm 6 hours in and still a blank phone , not happy 😡",5,0.3189,428370,"@AppleSupport @115858 what have you done to my phone, it is possessed by an IT Satan #iosupdatefail","@216887 We're here to help. To start, can you describe the issue(s) you're experiencing and what device you're using?",1
689401,"@284741 @115858 @AppleSupport Me compré el iPhone 8plus y el flash no funciona con el frío. Teniendo en cuenta que aún no hace frío aquí (hoy estamos a -3, pero llega a los -15/-20)me parece un gran error! Y lo mandé al SAT el viernes pasado, después de usarlo 5 días y sin respuesta aún.",1,0.2891,1551688,AÚN NO FUNCIONA @115858 HELP https://t.co/94iU7xqHta,@480150 We offer support via Twitter in English. Get help in Spanish here: https://t.co/IBIY3vMgPj or join https://t.co/OczyRx7IOs,1
689401,"@284741 @115858 @AppleSupport Me compré el iPhone 8plus y el flash no funciona con el frío. Teniendo en cuenta que aún no hace frío aquí (hoy estamos a -3, pero llega a los -15/-20)me parece un gran error! Y lo mandé al SAT el viernes pasado, después de usarlo 5 días y sin respuesta aún.",2,0.2233,2713251,"@717676 Creo que las baterías son el gran problema de @115858 Tenemos un 6 que necesita cambiarla y un 6s q está empezando a dar muestras de flaqueza. Sistema operativo inmejorable, pero sin batería no funciona el teléfono.",@761707 We offer support via Twitter in English. Get help in Spanish here: https://t.co/IBIY3vMgPj or join https://t.co/OczyRx7IOs,1
689401,"@284741 @115858 @AppleSupport Me compré el iPhone 8plus y el flash no funciona con el frío. Teniendo en cuenta que aún no hace frío aquí (hoy estamos a -3, pero llega a los -15/-20)me parece un gran error! Y lo mandé al SAT el viernes pasado, después de usarlo 5 días y sin respuesta aún.",3,0.221,332478,"@AppleSupport ios 11.0.2 no funciona con normalidad, pone la pantalla en negro y el tiempo no responde bien con el widget, muy mal sistema.",@195166 We offer support via Twitter in English. Get help in Spanish here: https://t.co/IBIY3vMgPj or join https://t.co/OczyRx7IOs,1
689401,"@284741 @115858 @AppleSupport Me compré el iPhone 8plus y el flash no funciona con el frío. Teniendo en cuenta que aún no hace frío aquí (hoy estamos a -3, pero llega a los -15/-20)me parece un gran error! Y lo mandé al SAT el viernes pasado, después de usarlo 5 días y sin respuesta aún.",4,0.2011,590908,El iOS 11 es un asco... siguen sin arreglar el lag en el teclado aún en iOS 11.2 @AppleSupport,@259781 We offer support via Twitter in English. Get help in Spanish here: https://t.co/IBIY3vMgPj or join https://t.co/OczyRx7IOs,0
689401,"@284741 @115858 @AppleSupport Me compré el iPhone 8plus y el flash no funciona con el frío. Teniendo en cuenta que aún no hace frío aquí (hoy estamos a -3, pero llega a los -15/-20)me parece un gran error! Y lo mandé al SAT el viernes pasado, después de usarlo 5 días y sin respuesta aún.",5,0.1998,2150332,"Después de varios años de cero problemas con el #iPhone hoy me hizo quedar mal con un cliente, todo por sus actualizaciones frecuentes y las Apps dejan de funcionar bien. Hasta cuando @115858 ?",@631980 We offer support via Twitter in English. Get help in Spanish here: https://t.co/IBIY3vMgPj or join: https://t.co/OczyRx7IOs,0
2293097,@115858 y’all need to fix this shit .. I️ can’t deal 🤦🏽‍♂️,1,0.7265,1566770,@115858 y’all need to fix this shit “ i️ “ !!!!,"@483577 Thanks for reaching out! We're glad to help, we've got a guide to share with you regarding this issue: https://t.co/xU1AGHStV6",0
2293097,@115858 y’all need to fix this shit .. I️ can’t deal 🤦🏽‍♂️,2,0.7265,1671981,@115858 y’all need to fix this I️ shit😒,@508898 Here’s what you can do to work around the issue until it’s fixed in a future software update: https://t.co/tqme2m68En,0
2293097,@115858 y’all need to fix this shit .. I️ can’t deal 🤦🏽‍♂️,3,0.7265,2149968,@115858 y’all need to fix this I️ shit,@631873 Here’s what you can do to work around the issue until it’s fixed in a future software update: https://t.co/xXaXeeSRt9,0
2293097,@115858 y’all need to fix this shit .. I️ can’t deal 🤦🏽‍♂️,4,0.6851,2146682,@AppleSupport y’all need to fix this shit I️ can’t use I️,@301605 Here’s what you can do to work around the issue until it’s fixed in a future software update: https://t.co/xXaXeeSRt9,0
2293097,@115858 y’all need to fix this shit .. I️ can’t deal 🤦🏽‍♂️,5,0.6717,1597615,Oh nahhhhhhh. @115858 y’all need to fix this shit.,@490756 We'd like to assist. Take a look at our article here: https://t.co/uQeXsrrlXJ DM us with questions. https://t.co/GDrqU22YpT,0
491464,@AppleSupport My critical ops game keeps on crashing what should i do,1,0.5733,1599090,@AppleSupport My IPhone 7 keeps Crashing what should I do?,"@491099 We want to help you. DM us, and we can look into what's going on with your iPhone 7. https://t.co/GDrqU22YpT",2
491464,@AppleSupport My critical ops game keeps on crashing what should i do,2,0.4832,1570352,@AppleSupport my iPhone 8 keeps on bugging what should I do?,@323163 We're here to help you. DM us and tell us more about the issues you're having. https://t.co/GDrqU22YpT,1
491464,@AppleSupport My critical ops game keeps on crashing what should i do,3,0.4155,1001185,@AppleSupport What should I do?,@357028 We'd be happy to look into your battery concerns with you. Send us a DM using the link below and we'll go from there. https://t.co/GDrqU22YpT,1
491464,@AppleSupport My critical ops game keeps on crashing what should i do,4,0.4155,1988438,@applesupport what should I do?,"@588526 We're happy to help! Join us in DM with more details about when this issue first started, as well as the country you're located in. https://t.co/GDrqU22YpT",1
491464,@AppleSupport My critical ops game keeps on crashing what should i do,5,0.4155,2304338,@AppleSupport What should I do?,@218518 We're here to help. We recommend estimating the weight until you get the exact number. You can go back in to make the change.,1
856669,When are you going to fix this battery problem @115858,1,0.6749,105336,@115858 I️ I️ I️ I️ I️ I️ I️ I️ I️ I️ I️ I️ I️ I️ I️ I️ .... when are you going to fix this!?,@139261 We're here for you. Let's get you updated to iOS 11.1.2 to see if the issue persists. You can find instructions on backing up and updating here: https://t.co/80YRnjDFDk,1
856669,When are you going to fix this battery problem @115858,2,0.6211,1715641,When are you guys going to fix this “ I️ “ problem @115858,@519580 Here’s what you can do to work around the issue until it’s fixed in a future software update: https://t.co/xXaXeeSRt9,1
856669,When are you going to fix this battery problem @115858,3,0.617,2372278,@AppleSupport - when are you going to fix the I️I️ I️ I️ I️ I️ I️ I️ I️ I️ I️ I️ I️ I️ I️ I️ I️ I️ I️ I️ I️ I️ I️ I️ I️ I️ I️ I️ I️ I️ I️ I️ I️ I️ I️ I️ I️ I️ I️ I️ I️ I️ I️ I️ I️ I️ I️?????,"@684434 This issue was addressed in a recent software update. Be sure to back up your data, then update to the latest version as directed here: https://t.co/80YRnjDFDk",1
856669,When are you going to fix this battery problem @115858,4,0.6155,2295708,@115858 when are you going to fix the “i” .......,@666592 We recently released 11.1.1 that addresses this issue. Have you had a chance to backup &amp; update your device? https://t.co/soeXTHWFdK,1
856669,When are you going to fix this battery problem @115858,5,0.6141,1725716,@AppleSupport when are you going to fix the “i” problem???,@521927 Here’s what you can do to work around the issue until it’s fixed in a future software update: https://t.co/qODbOsp4wz,1
272921,@181179 @AppleSupport Same problem here with iPhone 6plus,1,0.566,1089875,@377126 @AppleSupport Same problem here. 🙄,@381170 We'd like to work with you. Let's take a look together in DM. https://t.co/GDrqU22YpT,1
272921,@181179 @AppleSupport Same problem here with iPhone 6plus,2,0.4024,1550266,"@AppleSupport @479820 Oh, I have the same problem here 😕",@479819 We’d like to help. Share with us in DM more info about your device to start: https://t.co/GDrqU22YpT,1
272921,@181179 @AppleSupport Same problem here with iPhone 6plus,3,0.3847,556220,@249935 @AppleSupport same here with my 6s!!,"@257679 Hi there! We want to make sure your 6s is working as you need it to. Please check out this article and let us know how it works. If your iPhone, iPad, or iPod touch unexpectedly restarts: https://t.co/osZOKKTalm",0
272921,@181179 @AppleSupport Same problem here with iPhone 6plus,4,0.3532,2712551,@AppleSupport iPhone 6Plus https://t.co/DpJbR3qXz1,"@761550 In iOS 11, you can turn auto-brightness on or off in Settings &gt; General &gt; Accessibility &gt; Display Accommodations. Send us a DM if you have any additional questions and we'll catch up there. https://t.co/GDrqU22YpT",0
272921,@181179 @AppleSupport Same problem here with iPhone 6plus,5,0.3269,761921,@AppleSupport same problem https://t.co/HJTyry76ZU,@302038 Thanks for trying the Control Center. Send us a DM next and we'll look into this Wi-Fi issue a bit more. https://t.co/GDrqU22YpT,1
2261421,@115858 literally what the fuck https://t.co/IgmHLDVxNJ,1,0.6563,2914667,@AppleSupport what the fuck https://t.co/i4qKASlcVg,"@806811 An update has been released to assist with this issue. If you haven’t yet, please back up your device and update it to iOS 11.1.2. For more info, check out: https://t.co/4f8hwT5to6",1
2261421,@115858 literally what the fuck https://t.co/IgmHLDVxNJ,2,0.6547,1709355,@115858 what the fuck https://t.co/LB9KpiXBJj,@517954 Here’s what you can do to work around the issue until it’s fixed in a future software update: https://t.co/xXaXeeSRt9,1
2261421,@115858 literally what the fuck https://t.co/IgmHLDVxNJ,3,0.6547,1671256,@115858 what the fuck https://t.co/kkEOrLSlrg,@508712 Here’s what you can do to work around the issue until it’s fixed in a future software update: https://t.co/xXaXeeSRt9,1
2261421,@115858 literally what the fuck https://t.co/IgmHLDVxNJ,4,0.6547,1039545,@115858 what the fuck https://t.co/CFIJR7LvIv,@365938 Let's look into this power issue for you. Are you having issues charging your device? Let us know in DM. https://t.co/GDrqU22YpT,1
2261421,@115858 literally what the fuck https://t.co/IgmHLDVxNJ,5,0.6275,2341731,@AppleSupport @115858 what the fuck https://t.co/Jgcp81Faux,@677362 We want to help. Let's continue in DM. https://t.co/GDrqU22YpT,1
2278939,Shoutout @AppleSupport lol stays fckn up. The “I️” don’t even work on the keyboard 😤,1,0.2893,2037720,Hey @115858 u phaq’d up the keyboard. #fixit,"@602515 We're happy to help. Send us a DM to let us know what's happening exactly, and which device you're using. We'll go from there. https://t.co/GDrqU22YpT",1
2278939,Shoutout @AppleSupport lol stays fckn up. The “I️” don’t even work on the keyboard 😤,2,0.2631,2286910,@AppleSupport LoL ! Yes.,@664471 Great to hear that! Let's meet up in DM to go over next steps: https://t.co/GDrqU22YpT,0
2278939,Shoutout @AppleSupport lol stays fckn up. The “I️” don’t even work on the keyboard 😤,3,0.2247,2093878,@AppleSupport Didn’t even work..,"@618688 Please send us a DM, we'll look into the work around with you. https://t.co/GDrqU22YpT",0
2278939,Shoutout @AppleSupport lol stays fckn up. The “I️” don’t even work on the keyboard 😤,4,0.2232,660485,@AppleSupport Lol it’s all my apps,@277330 Let's talk and check a few things together in a DM. Please tap here and we'll get started: https://t.co/GDrqU22YpT,0
2278939,Shoutout @AppleSupport lol stays fckn up. The “I️” don’t even work on the keyboard 😤,5,0.2224,1645561,I️ fckn wish @AppleSupport would fix these fckn question marks !,@502836 Here’s what you can do to work around the issue until it’s fixed in a future software update: https://t.co/xXaXeeSRt9,0
2431303,"@115858 Just got my new iPhone X, absolutely love it. Little problem in the fact that I can’t change my profile picture on my Instagram. The ‘done &amp; cancel’ end up hidden behind the iphones time &amp; network at the top of screen !! Can’t touch them so have to come out and close app.",1,0.234,2927010,@126 @115858 can’t change my profile picture on Instagram because that page doesn’t fit on the iPhone X screen properly... please help.,"@809819 We know how important it is to update your profile information for your apps and we'll be glad to look into this with you. First, do you have zoom enabled on your iPhone? To check tap Settings &gt; General &gt; Accessibility &gt; Zoom. Please DM us your answer. https://t.co/GDrqU22YpT",2
2431303,"@115858 Just got my new iPhone X, absolutely love it. Little problem in the fact that I can’t change my profile picture on my Instagram. The ‘done &amp; cancel’ end up hidden behind the iphones time &amp; network at the top of screen !! Can’t touch them so have to come out and close app.",2,0.1739,2287874,@AppleSupport bought the new iPhone X and can’t change my instagram profile pic. Upgraded and for what?! 😟 #bummed,@664705 What's happening when you try to change your profile picture?,2
2431303,"@115858 Just got my new iPhone X, absolutely love it. Little problem in the fact that I can’t change my profile picture on my Instagram. The ‘done &amp; cancel’ end up hidden behind the iphones time &amp; network at the top of screen !! Can’t touch them so have to come out and close app.",3,0.1666,2273980,@126 @AppleSupport cannot update my instagram profile picture in iPhone X 😭 Fix this please 🙏,"@661423 Thanks for reaching out. We'll be delighted to make sure the Apple software is working as expected on your iPhone. Please tell us what happens in Instagram when attempting to change your profile picture. Which iOS version is installed, Settings &gt; General &gt; About?",2
2431303,"@115858 Just got my new iPhone X, absolutely love it. Little problem in the fact that I can’t change my profile picture on my Instagram. The ‘done &amp; cancel’ end up hidden behind the iphones time &amp; network at the top of screen !! Can’t touch them so have to come out and close app.",4,0.1431,1525134,@AppleSupport Can I change my iPhone 5 with iPhone x?,@473730 We have received your DM and we will continue with you there. Look for a reply there shortly.,1
2431303,"@115858 Just got my new iPhone X, absolutely love it. Little problem in the fact that I can’t change my profile picture on my Instagram. The ‘done &amp; cancel’ end up hidden behind the iphones time &amp; network at the top of screen !! Can’t touch them so have to come out and close app.",5,0.139,441386,@AppleSupport fix the fact that I️ can’t type “I️” without it turning into I️,"@219688 We want to take a look into this with you. DM us your current iOS version, and we’ll get started there. https://t.co/GDrqU22YpT",0
2688136,I hate that I shit @115858 fix this,1,0.5515,1626231,@115858 I️ fix that shit,@497974 We're happy to help you get this sorted out. Follow the steps here and let us know if this helps: https://t.co/xXaXeeSRt9,0
2688136,I hate that I shit @115858 fix this,2,0.5016,1478076,Fix this I️ shit @115858,@463217 We want to help. Please DM us which iOS version you're on. We'll look into this with you there. https://t.co/GDrqU22YpT,0
2688136,I hate that I shit @115858 fix this,3,0.5016,2177354,Fix this shit @115858,@638195 Here’s what you can do to work around the issue until it’s fixed in a future software update: https://t.co/xXaXeeSRt9,0
2688136,I hate that I shit @115858 fix this,4,0.5016,2534819,Fix this shit @115858,"@721210 We'd love to help, but need more information. What's going on with your iPhone? DM us as many details as possible, including the model of iPhone you're using and the exact version of the operating system it's running, and we'll get started! https://t.co/GDrqU22YpT",0
2688136,I hate that I shit @115858 fix this,5,0.5016,2301478,FIX THIS I️ SHIT!!!!!! 😡 @115858,"@667930 An update has been released to assist with this issue. If you haven’t yet, please back up your device and update it to iOS 11.1.1. For more info, check out: https://t.co/4f8hwT5to6",0
1761237,@AppleSupport Any,1,0.7554,1001156,@AppleSupport Any Reply?,"@296334 Yes, you can use compatible third-party Bluetooth headphones with your Apple Watch. Read more here: https://t.co/HcGr7FXkSp",0
1761237,@AppleSupport Any,2,0.6381,851696,@AppleSupport Any update?,"@322312 Thanks for reaching back out. Send us a DM with any troubleshooting steps you've tried, and we'll meet you there. https://t.co/GDrqU22YpT",0
1761237,@AppleSupport Any,3,0.6269,1015690,@AppleSupport ..Any ideas?,"@360314 Hi. We can help, just send us a DM and tell us what version of iOS 11 you see under Settings &gt; General &gt; About &gt; Version.",0
1761237,@AppleSupport Any,4,0.6269,1683491,@AppleSupport any ideas?,@511709 We’d be happy to look into this with you. Let us know exactly what is happening with your downloads in DM to proceed. https://t.co/GDrqU22YpT,0
1761237,@AppleSupport Any,5,0.6269,1818670,@AppleSupport any ideas?,@546275 Thanks for reaching out about this behavior. Could you let us know more details via a DM? We’ll keep moving from there. https://t.co/GDrqU22YpT,0
